#CODE;ENGLISH;FRENCH;GERMAN;;SPANISH;;;;;;;;;
########################################;;;;;;;;;;;;;;
#New provinces;;;;;;;;;;;;;;
########################################;;;;;;;;;;;;;;
PROV909;White Desert;Désert Blanc;White Desert;;White Desert;;;;;x;;;;
PROV911;Timbuktu;Timbuktu;Timbuktu;;Timbuktu;;;;;x;;;;
PROV912;Awdaghust;Aoudaghost;Awdaghust;;Awdaghust;;;;;x;;;;
PROV913;Wagadu;Ouagadou;Wagadu;;Wagadu;;;;;x;;;;
PROV914;Gao;Gao;Gao;;Gao;;;;;x;;;;
PROV915;Djenné;Djenné;Djenné;;Djenné;;;;;x;;;;
PROV916;Taghaza;Taghaza;Taghaza;;Taghaza;;;;;x;;;;
PROV917;Arawán;Araouane;Araouán;;Araouán;;;;;x;;;;
PROV918;Sijilmasa;Sijilmasa;Sijilmasa;;Sijilmasa;;;;;x;;;;
PROV919;Walata;Oualata;Walata;;Walata;;;;;x;;;;
PROV920;Wadán;Ouadane;Wadán;;Wadán;;;;;x;;;;
PROV921;Idjil;Idjil;Idjil;;Idjil;;;;;x;;;;
PROV922;Tadmekka;Tadmekka;Tadmekka;;Tadmekka;;;;;x;;;;
PROV923;Adrar Plateau;Adrar Plateau;Adrar Plateau;;Adrar Plateau;;;;;x;;;;
PROV924;Western Sahara;Western Sahara;Western Sahara;;Western Sahara;;;;;x;;;;
PROV925;Manding;Manding;Manding;;Manding;;;;;x;;;;
PROV926;Bambuk;Bambuk;Bambuk;;Bambuk;;;;;x;;;;
PROV927;Zarma;Zarma;Zarma;;Zarma;;;;;x;;;;
PROV928;Gurma;Gurma;Gurma;;Gurma;;;;;x;;;;
PROV929;Abruzzo;Abruzzo;Abruzzo;;Abruzzo;;;;;x;;;;
PROV930;Bar;Bar;Bar;;Bar;;;;;x;;;;
PROV931;Möre;Möre;Möre;;Möre;;;;;x;;;;
PROV932;Värend;Värend;Värend;;Värend;;;;;x;;;;
PROV933;Roslavl;Roslavl;Roslavl;;Roslavl;;;;;x;;;;
PROV934;Logozsk;Logozsk;Logozsk;;Logozsk;;;;;x;;;;
PROV935;Amalfi;Amalfi;Amalfi;;Amalfi;;;;;x;;;;
PROV936;;;;;;;;;;x;;;;
PROV937;Marsico;Marsico;Marsico;;Marsico;;;;;x;;;;
PROV938;Polimilje;Polimilje;Polimilje;;Polimilje;;;;;x;;;;
PROV939;Polybotos;Polybotos;Polybotos;;Polybotos;;;;;x;;;;
PROV940;Mosynopolis;Mosynopolis;Mosynopolis;;Mosynopolis;;;;;x;;;;
PROV941;Amasia;Amasia;Amasia;;Amasia;;;;;x;;;;
PROV942;Saarbrücken;Saarbrücken;Saarbrücken;;Saarbrücken;;;;;x;;;;
PROV943;Knin;Knin;Knin;;Knin;;;;;x;;;;
PROV944;Meirionnydd;Meirionnydd;Meirionnydd;;Meirionnydd;;;;;x;;;;
PROV945;Ceredigion;Ceredigion;Ceredigion;;Ceredigion;;;;;x;;;;
PROV946;Ystrad Tywi;Ystrad Tywi;Ystrad Tywi;;Ystrad Tywi;;;;;x;;;;
PROV947;Brycheiniog;Brycheiniog;Brycheiniog;;Brycheiniog;;;;;x;;;;
PROV948;Maelienydd;Maelienydd;Maelienydd;;Maelienydd;;;;;x;;;;
PROV949;Powys Wenwynwyn;Powys Wenwynwyn;Powys Wenwynwyn;;Powys Wenwynwyn;;;;;x;;;;
PROV950;Sillende;Sillende;Sillende;;Sillende;;;;;x;;;;
PROV951;Schwerin;Schwerin;Schwerin;;Schwerin;;;;;x;;;;
PROV952;Hanau;Hanau;Hanau;;Hanau;;;;;x;;;;
PROV953;Bentheim;Bentheim;Bentheim;;Bentheim;;;;;x;;;;
PROV954;Zeitz;Zeitz;Zeitz;;Zeitz;;;;;x;;;;
PROV955;Augsburg;Augsburg;Augsburg;;Augsburg;;;;;x;;;;
PROV956;San Marino;San Marino;San Marino;;San Marino;;;;;x;;;;
PROV957;Reggio nell Emilia;Reggio nell Emilia;Reggio nell Emilia;;Reggio nell Emilia;;;;;x;;;;
PROV958;Trieste;Trieste;Trieste;;Trieste;;;;;x;;;;
PROV959;Bihac;Bihac;Bihac;;Bihac;;;;;x;;;;
PROV960;Lauffen;Lauffen;Lauffen;;Lauffen;;;;;x;;;;
PROV961;Branicevo;Branicevo;Branicevo;;Branicevo;;;;;x;;;;
PROV962;Braslaw;Braslaw;Braslaw;;Braslaw;;;;;x;;;;
PROV963;Jersika;Jersika;Jersika;;Jersika;;;;;x;;;;
PROV964;;;;;;;;;;x;;;;
PROV965;Travunia;Travunia;Travunia;;Travunia;;;;;x;;;;
PROV966;Vorotynsk;Vorotynsk;Vorotynsk;;Vorotynsk;;;;;x;;;;
PROV967;Eivissa;Eivissa;Eivissa;;Eivissa;;;;;x;;;;
PROV968;Saone;Saone;Saone;;Saone;;;;;x;;;;
PROV969;Sis;Sis;Sis;;Sis;;;;;x;;;;
PROV970;Comburg-Röthenburg;Comburg-Röthenburg;Comburg-Röthenburg;;Comburg-Röthenburg;;;;;x;;;;
PROV971;Philadelphia;Philadelphia;Philadelphia;;Philadelphia;;;;;x;;;;
PROV972;Mersey;Mersey;Mersey;;Mersey;;;;;x;;;;
PROV973;Bearroc;Bearroc;Bearroc;;Bearroc;;;;;x;;;;
PROV974;Buckingham;Buckingham;Buckingham;;Buckingham;;;;;x;;;;
PROV975;Mide;Mide;Mide;;Mide;;;;;x;;;;
PROV976;Roscommon;Roscommon;Roscommon;;Roscommon;;;;;x;;;;
PROV977;Trim;Trim;Trim;;Trim;;;;;x;;;;
PROV978;Merseburg;Merseburg;Merseburg;;Merseburg;;;;;x;;;;
PROV979;Deltuva;Deltuva;Deltuva;;Deltuva;;;;;x;;;;
PROV980;Goslar;Goslar;Goslar;;Goslar;;;;;x;;;;
PROV981;Ansbach;Ansbach;Ansbach;;Ansbach;;;;;x;;;;
PROV982;Prignitz;Prignitz;Prignitz;;Prignitz;;;;;x;;;;
PROV983;Isle of Ely;Isle of Ely;Isle of Ely;;Isle of Ely;;;;;x;;;;
PROV984;Järva;Järva;Järva;;Järva;;;;;x;;;;
PROV985;Sèlija;Sèlija;Sèlija;;Sèlija;;;;;x;;;;
PROV986;Metsepole;Metsepole;Metsepole;;Metsepole;;;;;x;;;;
PROV987;Rotalia;Rotalia;Rotalia;;Rotalia;;;;;x;;;;
PROV988;Atzele;Atzele;Atzele;;Atzele;;;;;x;;;;
PROV989;Trakai;Trakai;Trakai;;Trakai;;;;;x;;;;
PROV990;Dzùkija;Dzùkija;Dzùkija;;Dzùkija;;;;;x;;;;
PROV991;Chelm;Chelm;Chelm;;Chelm;;;;;x;;;;
PROV992;Upytë;Upytë;Upytë;;Upytë;;;;;x;;;;
PROV993;Belz;Belz;Belz;;Belz;;;;;x;;;;
PROV994;Druck;Druck;Druck;;Druck;;;;;x;;;;
PROV995;Gomel;Gomel;Gomel;;Gomel;;;;;x;;;;
PROV996;Lublin;Lublin;Lublin;;Lublin;;;;;x;;;;
PROV997;Nalshia;Nalshia;Nalshia;;Nalshia;;;;;x;;;;
PROV998;Voigtland;Voigtland;Voigtland;;Voigtland;;;;;x;;;;
PROV999;Legnica;Legnica;Legnica;;Legnica;;;;;x;;;;
PROV1000;Szerém ;Szerém ;Szerém ;;Szerém ;;;;;x;;;;
PROV1001;Zavrsje;Zavrsje;Zavrsje;;Zavrsje;;;;;x;;;;
PROV1002;Donji Kraji;Donji Kraji;Donji Kraji;;Donji Kraji;;;;;x;;;;
PROV1003;Càttaro;Càttaro;Càttaro;;Càttaro;;;;;x;;;;
PROV1004;Baranja;Baranja;Baranja;;Baranja;;;;;x;;;;
PROV1005;Zaránd;Zaránd;Zaránd;;Zaránd;;;;;x;;;;
PROV1006;Krassó;Krassó;Krassó;;Krassó;;;;;x;;;;
PROV1007;Königssondergau;Königssondergau;Königssondergau;;Königssondergau;;;;;x;;;;
PROV1008;Zweibrücken;Zweibrücken;Zweibrücken;;Zweibrücken;;;;;x;;;;
PROV1009;Mark;Mark;Mark;;Mark;;;;;x;;;;
PROV1010;Sunmœri;Sunmœri;Sunmœri;;Sunmœri;;;;;x;;;;
PROV1011;Arbër;Arbër;Arbër;;Arbër;;;;;x;;;;
PROV1012;Prizren;Prizren;Prizren;;Prizren;;;;;x;;;;
PROV1013;Vlorë;Vlorë;Vlorë;;Vlorë;;;;;x;;;;
PROV1014;Corfu;Corfu;Corfu;;Corfu;;;;;x;;;;
PROV1015;Skopje;Skopje;Skopje;;Skopje;;;;;x;;;;
PROV1016;Traianopolis;Traianopolis;Traianopolis;;Traianopolis;;;;;x;;;;
PROV1017;Veluwe;Veluwe;Veluwe;;Veluwe;;;;;x;;;;
PROV1018;Vianden;Vianden;Vianden;;Vianden;;;;;x;;;;
PROV1019;Brussel;Brussel;Brussel;;Brussel;;;;;x;;;;
PROV1020;Schaumburg;Schaumburg;Schaumburg;;Schaumburg;;;;;x;;;;
PROV1021;Arlon;Arlon;Arlon;;Arlon;;;;;x;;;;
PROV1022;Valenciennes;Valenciennes;Valenciennes;;Valenciennes;;;;;x;;;;
PROV1023;;;;;;;;;;x;;;;
PROV1024;Cambrai;Cambrai;Cambrai;;Cambrai;;;;;x;;;;
PROV1025;Reynoldsburgh;Reynoldsburgh;Reynoldsburgh;;Reynoldsburgh;;;;;x;;;;
PROV1026;Aachen;Aachen;Aachen;;Aachen;;;;;x;;;;
PROV1027;Væstær Syäland;Væstær Syäland;Væstær Syäland;;Væstær Syäland;;;;;x;;;;
PROV1028;Pont-á-Mousson;Pont-á-Mousson;Pont-á-Mousson;;Pont-á-Mousson;;;;;x;;;;
PROV1029;Teck;Teck;Teck;;Teck;;;;;x;;;;
PROV1030;Eberstein;Eberstein;Eberstein;;Eberstein;;;;;x;;;;
PROV1031;Zollern;Zollern;Zollern;;Zollern;;;;;x;;;;
PROV1032;Öettingen;Öettingen;Öettingen;;Öettingen;;;;;x;;;;
PROV1033;Leuchtenberg;Leuchtenberg;Leuchtenberg;;Leuchtenberg;;;;;x;;;;
PROV1034;Helfenstein;Helfenstein;Helfenstein;;Helfenstein;;;;;x;;;;
PROV1035;Hohenloe;Hohenloe;Hohenloe;;Hohenloe;;;;;x;;;;
PROV1036;Montbéliard;Montbéliard;Montbéliard;;Montbéliard;;;;;x;;;;
PROV1037;Basel;Basel;Basel;;Basel;;;;;x;;;;
PROV1038;Gruyére;Gruyére;Gruyére;;Gruyére;;;;;x;;;;
PROV1039;Amous;Amous;Amous;;Amous;;;;;x;;;;
PROV1040;Chablais;Chablais;Chablais;;Chablais;;;;;x;;;;
PROV1041;Aosta;Aosta;Aosta;;Aosta;;;;;x;;;;
PROV1042;Bresse;Bresse;Bresse;;Bresse;;;;;x;;;;
PROV1043;Laland;Laland;Laland;;Laland;;;;;x;;;;
PROV1044;Varais;Varais;Varais;;Varais;;;;;x;;;;
PROV1045;Portois;Portois;Portois;;Portois;;;;;x;;;;
PROV1046;Novara;Novara;Novara;;Novara;;;;;x;;;;
PROV1047;Arle;Arle;Arle;;Arle;;;;;x;;;;
PROV1048;Graisivaudan;Graisivaudan;Graisivaudan;;Graisivaudan;;;;;x;;;;
PROV1049;Gapençais;Gapençais;Gapençais;;Gapençais;;;;;x;;;;
PROV1050;Norðurland;Norðurland;Norðurland;;Norðurland;;;;;x;;;;
PROV1051;Wendel;Wendel;Wendel;;Wendel;;;;;x;;;;
PROV1052;Harsýsl;Harsýsl;Harsýsl;;Harsýsl;;;;;x;;;;
PROV1053;Dannenberg;Dannenberg;Dannenberg;;Dannenberg;;;;;x;;;;
PROV1054;Henneberg;Henneberg;Henneberg;;Henneberg;;;;;x;;;;
PROV1055;Pultusk;Pultusk;Pultusk;;Pultusk;;;;;x;;;;
PROV1056;Namur;Namur;Namur;;Namur;;;;;x;;;;
PROV1057;Limburg;Limburg;Limburg;;Limburg;;;;;x;;;;
PROV1058;Zutphen;Zutphen;Zutphen;;Zutphen;;;;;x;;;;
PROV1059;Oversticht;Oversticht;Oversticht;;Oversticht;;;;;x;;;;
PROV1060;La Roche;La Roche;La Roche;;La Roche;;;;;x;;;;
PROV1061;Chiny;Chiny;Chiny;;Chiny;;;;;x;;;;
PROV1062;Sponheim;Sponheim;Sponheim;;Sponheim;;;;;x;;;;
PROV1063;Berg;Berg;Berg;;Berg;;;;;x;;;;
PROV1064;Niederlausitz;Niederlausitz;Niederlausitz;;Niederlausitz;;;;;x;;;;
PROV1065;Dithmarschen;Dithmarschen;Dithmarschen;;Dithmarschen;;;;;x;;;;
PROV1066;Wagrien;Wagrien;Wagrien;;Wagrien;;;;;x;;;;
PROV1067;;;;;;;;;;x;;;;
PROV1068;Rìga;Rìga;Rìga;;Rìga;;;;;x;;;;
PROV1069;Nicosia;Nicosia;Nicosia;;Nicosia;;;;;x;;;;
PROV1070;Paphos;Paphos;Paphos;;Paphos;;;;;x;;;;
PROV1071;Skara;Skara;Skara;;Skara;;;;;x;;;;
PROV1072;Fjädrundaland;Fjädrundaland;Fjädrundaland;;Fjädrundaland;;;;;x;;;;
PROV1073;Attundaland;Attundaland;Attundaland;;Attundaland;;;;;x;;;;
PROV1074;Magdeburg;Magdeburg;Magdeburg;;Magdeburg;;;;;x;;;;
PROV1075;Wittenberg;Wittenberg;Wittenberg;;Wittenberg;;;;;x;;;;
PROV1076;Blankenburg;Blankenburg;Blankenburg;;Blankenburg;;;;;x;;;;
PROV1077;Brehna;Brehna;Brehna;;Brehna;;;;;x;;;;
PROV1078;Schwartzburg;Schwartzburg;Schwartzburg;;Schwartzburg;;;;;x;;;;
PROV1079;Tecklenburg;Tecklenburg;Tecklenburg;;Tecklenburg;;;;;x;;;;
PROV1080;Lori;Lori;Lori;;Lori;;;;;x;;;;
PROV1081;Odishi;Odishi;Odishi;;Odishi;;;;;x;;;;
PROV1082;Hereti;Hereti;Hereti;;Hereti;;;;;x;;;;
PROV1083;Baghk;Baghk;Baghk;;Baghk;;;;;x;;;;
PROV1084;Utik;Utik;Utik;;Utik;;;;;x;;;;
PROV1085;Artsakh;Artsakh;Artsakh;;Artsakh;;;;;x;;;;
PROV1086;Jiqeti;Jiqeti;Jiqeti;;Jiqeti;;;;;x;;;;
PROV1087;Klarjeti;Klarjeti;Klarjeti;;Klarjeti;;;;;x;;;;
PROV1088;Vanand;Vanand;Vanand;;Vanand;;;;;x;;;;
PROV1089;Simsir;Simsir;Simsir;;Simsir;;;;;x;;;;
PROV1090;Tusheti;Tusheti;Tusheti;;Tusheti;;;;;x;;;;
PROV1091;Racha;Racha;Racha;;Racha;;;;;x;;;;
PROV1092;Arran;Arran;Arran;;Arran;;;;;x;;;;
PROV1093;Corduene;Corduene;Corduene;;Corduene;;;;;x;;;;
PROV1094;Persarmenia;Persarmenia;Persarmenia;;Persarmenia;;;;;x;;;;
PROV1095;Goghtn;Goghtn;Goghtn;;Goghtn;;;;;x;;;;
PROV1096;Sarir;Sarir;Sarir;;Sarir;;;;;x;;;;
PROV1097;Dzopk;Dzopk;Dzopk;;Dzopk;;;;;x;;;;
PROV1098;Lauenburg;Lauenburg;Lauenburg;;Lauenburg;;;;;x;;;;
PROV1099;Guðbrandzdalar;Guðbrandzdalar;Guðbrandzdalar;;Guðbrandzdalar;;;;;x;;;;
PROV1100;Raumríkí;Raumríkí;Raumríkí;;Raumríkí;;;;;x;;;;
PROV1101;Terra di Comune;Terra di Comune;Terra di Comune;;Terra di Comune;;;;;x;;;;
PROV1102;Capo di Corse;Capo di Corse;Capo di Corse;;Capo di Corse;;;;;x;;;;
PROV1103;Gallura;Gallura;Gallura;;Gallura;;;;;x;;;;
PROV1104;Logudoro;Logudoro;Logudoro;;Logudoro;;;;;x;;;;
PROV1105;Gaeta;Gaeta;Gaeta;;Gaeta;;;;;x;;;;
PROV1106;Alife;Alife;Alife;;Alife;;;;;x;;;;
PROV1107;Aversa;Aversa;Aversa;;Aversa;;;;;x;;;;
PROV1108;Larino;Larino;Larino;;Larino;;;;;x;;;;
PROV1109;Teate;Teate;Teate;;Teate;;;;;x;;;;
PROV1110;Gravina;Gravina;Gravina;;Gravina;;;;;x;;;;
PROV1111;Andria;Andria;Andria;;Andria;;;;;x;;;;
PROV1112;Molise;Molise;Molise;;Molise;;;;;x;;;;
PROV1113;Manopello;Manopello;Manopello;;Manopello;;;;;x;;;;
PROV1114;Alvito;Alvito;Alvito;;Alvito;;;;;x;;;;
PROV1115;Arezzo;Arezzo;Arezzo;;Arezzo;;;;;x;;;;
PROV1116;Fermo;Fermo;Fermo;;Fermo;;;;;x;;;;
PROV1117;Camerino;Camerino;Camerino;;Camerino;;;;;x;;;;
PROV1118;Nerola;Nerola;Nerola;;Nerola;;;;;x;;;;
PROV1119;Tusculum;Tusculum;Tusculum;;Tusculum;;;;;x;;;;
PROV1120;Malaspina;Malaspina;Malaspina;;Malaspina;;;;;x;;;;
PROV1121;Montefeltro;Montefeltro;Montefeltro;;Montefeltro;;;;;x;;;;
PROV1122;Frignano;Frignano;Frignano;;Frignano;;;;;x;;;;
PROV1123;Forli;Forli;Forli;;Forli;;;;;x;;;;
PROV1124;Piacenza;Piacenza;Piacenza;;Piacenza;;;;;x;;;;
PROV1125;Bergamo;Bergamo;Bergamo;;Bergamo;;;;;x;;;;
PROV1126;Muòrica;Muòrica;Muòrica;;Muòrica;;;;;x;;;;
PROV1127;Macva;Macva;Macva;;Macva;;;;;x;;;;
PROV1128;Viterbo;Viterbo;Viterbo;;Viterbo;;;;;x;;;;
PROV1129;Finale;Finale;Finale;;Finale;;;;;x;;;;
PROV1130;Ivrea;Ivrea;Ivrea;;Ivrea;;;;;x;;;;
PROV1131;Vicenza;Vicenza;Vicenza;;Vicenza;;;;;x;;;;
PROV1132;Celano;Celano;Celano;;Celano;;;;;x;;;;
PROV1133;Rimini;Rimini;Rimini;;Rimini;;;;;x;;;;
PROV1134;Castru Jani;Castru Jani;Castru Jani;;Castru Jani;;;;;x;;;;
PROV1135;Conversano;Conversano;Conversano;;Conversano;;;;;x;;;;
PROV1136;Catanzaro;Catanzaro;Catanzaro;;Catanzaro;;;;;x;;;;
PROV1137;Guidi;Guidi;Guidi;;Guidi;;;;;x;;;;
PROV1138;Volterra;Volterra;Volterra;;Volterra;;;;;x;;;;
PROV1139;Novellara;Novellara;Novellara;;Novellara;;;;;x;;;;
PROV1140;Bobbio;Bobbio;Bobbio;;Bobbio;;;;;x;;;;
PROV1141;Ventimiglia;Ventimiglia;Ventimiglia;;Ventimiglia;;;;;x;;;;
PROV1142;Como;Como;Como;;Como;;;;;x;;;;
PROV1143;Rovigo;Rovigo;Rovigo;;Rovigo;;;;;x;;;;
PROV1144;Østær Skaane;Østær Skaane;Østær Skaane;;Østær Skaane;;;;;x;;;;
PROV1145;Perugia;Perugia;Perugia;;Perugia;;;;;x;;;;
PROV1146;Iasi;Iasi;Iasi;;Iasi;;;;;x;;;;
PROV1147;Bacau;Bacau;Bacau;;Bacau;;;;;x;;;;
PROV1148;Targu Jiu;TarguJiu;TarguJiu;;TarguJiu;;;;;x;;;;
PROV1149;Buzau;Buzau;Buzau;;Buzau;;;;;x;;;;
PROV1150;Bars;Bars;Bars;;Bars;;;;;x;;;;
PROV1151;Komarom;Komarom;Komarom;;Komarom;;;;;x;;;;
PROV1152;Békés;Békés;Békés;;Békés;;;;;x;;;;
PROV1153;Zemplén;Zemplén;Zemplén;;Zemplén;;;;;x;;;;
PROV1154;Szepes;Szepes;Szepes;;Szepes;;;;;x;;;;
PROV1155;Hont;Hont;Hont;;Hont;;;;;x;;;;
PROV1156;Velay;Velay;Velay;;Velay;;;;;x;;;;
PROV1157;Comminges;Comminges;Comminges;;Comminges;;;;;x;;;;
PROV1158;Murat;Murat;Murat;;Murat;;;;;x;;;;
PROV1159;Auxois;Auxois;Auxois;;Auxois;;;;;x;;;;
PROV1160;Sancerre;Sancerre;Sancerre;;Sancerre;;;;;x;;;;
PROV1161;Ventadour;Ventadour;Ventadour;;Ventadour;;;;;x;;;;
PROV1162;Réthel;Réthel;Réthel;;Réthel;;;;;x;;;;
PROV1163;Perche;Perche;Perche;;Perche;;;;;x;;;;
PROV1164;Tonnerre;Tonnerre;Tonnerre;;Tonnerre;;;;;x;;;;
PROV1165;Langres;Langres;Langres;;Langres;;;;;x;;;;
PROV1166;Meaux;Meaux;Meaux;;Meaux;;;;;x;;;;
PROV1167;Albi;Albi;Albi;;Albi;;;;;x;;;;
PROV1168;Béziers;Béziers;Béziers;;Béziers;;;;;x;;;;
PROV1169;Beauvais;Beauvais;Beauvais;;Beauvais;;;;;x;;;;
PROV1170;Ponthieu;Ponthieu;Ponthieu;;Ponthieu;;;;;x;;;;
PROV1171;Alençon;Alençon;Alençon;;Alençon;;;;;x;;;;
PROV1172;Bayeux;Bayeux;Bayeux;;Bayeux;;;;;x;;;;
PROV1173;Coustances;Coustances;Coustances;;Coustances;;;;;x;;;;
PROV1174;Dreux;Dreux;Dreux;;Dreux;;;;;x;;;;
PROV1175;Porhoët;Porhoët;Porhoët;;Porhoët;;;;;x;;;;
PROV1176;Valois;Valois;Valois;;Valois;;;;;x;;;;
PROV1177;Vexin Français;Vexin Français;Vexin Français;;Vexin Français;;;;;x;;;;
PROV1178;Doornik;Doornik;Doornik;;Doornik;;;;;x;;;;
PROV1179;Rijsel;Rijsel;Rijsel;;Rijsel;;;;;x;;;;
PROV1180;Saint- Pol;Saint- Pol;Saint- Pol;;Saint- Pol;;;;;x;;;;
PROV1181;Porcien;Porcien;Porcien;;Porcien;;;;;x;;;;
PROV1182;Utlande;Utlande;Utlande;;Utlande;;;;;x;;;;
PROV1183;Ynys Môn;Ynys Môn;Ynys Môn;;Ynys Môn;;;;;x;;;;
PROV1184;Rüstringen;Rüstringen;Rüstringen;;Rüstringen;;;;;x;;;;
PROV1185;Vertus;Vertus;Vertus;;Vertus;;;;;x;;;;
PROV1186;Chateaudun;Chateaudun;Chateaudun;;Chateaudun;;;;;x;;;;
PROV1187;Bigorre;Bigorre;Bigorre;;Bigorre;;;;;x;;;;
PROV1188;Quercy;Quercy;Quercy;;Quercy;;;;;x;;;;
PROV1189;Gâtinais;Gâtinais;Gâtinais;;Gâtinais;;;;;x;;;;
PROV1190;Lugo;Lugo;Lugo;;Lugo;;;;;x;;;;
PROV1191;Lemos;Lemos;Lemos;;Lemos;;;;;x;;;;
PROV1192;Jaén;Jaén;Jaén;;Jaén;;;;;x;;;;
PROV1193;Toro;Toro;Toro;;Toro;;;;;x;;;;
PROV1194;Ciudad Rodrigo;Ciudad Rodrigo;Ciudad Rodrigo;;Ciudad Rodrigo;;;;;x;;;;
PROV1195;Tomar;Tomar;Tomar;;Tomar;;;;;x;;;;
PROV1196;Palencia;Palencia;Palencia;;Palencia;;;;;x;;;;
PROV1197;Medina del Campo;Medina del Campo;Medina del Campo;;Medina del Campo;;;;;x;;;;
PROV1198;Ávila;Ávila;Ávila;;Ávila;;;;;x;;;;
PROV1199;Segovia;Segovia;Segovia;;Segovia;;;;;x;;;;
PROV1200;Setúbal;Setúbal;Setúbal;;Setúbal;;;;;x;;;;
PROV1201;Guadalajara;Guadalajara;Guadalajara;;Guadalajara;;;;;x;;;;
PROV1202;Álava;Álava;Álava;;Álava;;;;;x;;;;
PROV1203;Guipúzcoa;Guipúzcoa;Guipúzcoa;;Guipúzcoa;;;;;x;;;;
PROV1204;Tudela;Tudela;Tudela;;Tudela;;;;;x;;;;
PROV1205;Sobrarbe;Sobrarbe;Sobrarbe;;Sobrarbe;;;;;x;;;;
PROV1206;Ribagorza;Ribagorza;Ribagorza;;Ribagorza;;;;;x;;;;
PROV1207;Huesca;Huesca;Huesca;;Huesca;;;;;x;;;;
PROV1208;Teruel;Teruel;Teruel;;Teruel;;;;;x;;;;
PROV1209;Caspe;Caspe;Caspe;;Caspe;;;;;x;;;;
PROV1210;Girona;Girona;Girona;;Girona;;;;;x;;;;
PROV1211;Beja;Beja;Beja;;Beja;;;;;x;;;;
PROV1212;Braga;Braga;Braga;;Braga;;;;;x;;;;
PROV1213;Viseu;Viseu;Viseu;;Viseu;;;;;x;;;;
PROV1214;Trancoso;Trancoso;Trancoso;;Trancoso;;;;;x;;;;
PROV1215;Leiria;Leiria;Leiria;;Leiria;;;;;x;;;;
PROV1216;Alcaraz;Alcaraz;Alcaraz;;Alcaraz;;;;;x;;;;
PROV1217;Logroño;Logroño;Logroño;;Logroño;;;;;x;;;;
PROV1218;Sebastia;Sebastia;Sebastia;;Sebastia;;;;;x;;;;
PROV1219;Lamas;Lamas;Lamas;;Lamas;;;;;x;;;;
PROV1220;Kaisun;Kaisun;Kaisun;;Kaisun;;;;;x;;;;
PROV1221;Anamurium;Anamurium;Anamurium;;Anamurium;;;;;x;;;;
PROV1222;In Salah;In Salah;In Salah;;In Salah;;;;;x;;;;
PROV1223;Ghadamès;Ghadamès;Ghadamès;;Ghadamès;;;;;x;;;;
PROV1224;Tekkeda;Tekkeda;Tekkeda;;Tekkeda;;;;;x;;;;
PROV1225;Agadez;Agadez;Agadez;;Agadez;;;;;x;;;;
PROV1226;Ghat;Ghat;Ghat;;Ghat;;;;;x;;;;
PROV1227;Kawar;Kaouar;Kawar;;Kawar;;;;;x;;;;
PROV1228;Gasga;Gasga;Gasga;;Gasga;;;;;x;;;;
PROV1229;El Fasher;El Fasher;El Fasher;;El Fasher;;;;;x;;;;
PROV1230;Dongola;Dongola;Dongola;;Dongola;;;;;x;;;;
PROV1231;Roufra;Roufra;Roufra;;Roufra;;;;;x;;;;
PROV1232;Awlil;Aoulil;Awlil;;Awlil;;;;;x;;;;
PROV1233;Sahara Tanzeruft;Sahara Tanzerouft;Sahara Tanzeruft;;Sahara Tanzeruft;;;;;x;;;;
PROV1234;Ténéré;Ténéré;Ténéré;;Ténéré;;;;;x;;;;
PROV1235;Ennedi;Ennedi;Ennedi;;Ennedi;;;;;x;;;;
PROV1236;Hazart;Hazart;Hazart;;Hazart;;;;;x;;;;
PROV1237;Masyaf;Masyaf;Masyaf;;Masyaf;;;;;x;;;;
PROV1238;Harran;Harran;Harran;;Harran;;;;;x;;;;
PROV1239;Mardin;Mardin;Mardin;;Mardin;;;;;x;;;;
PROV1240;Manbij;Manbij;Manbij;;Manbij;;;;;x;;;;
PROV1241;Badiyat ash-sham;Badiyat ash-sham;Badiyat ash-sham;;Badiyat ash-sham;;;;;x;;;;
PROV1242;Salamiyah;Salamiyah;Salamiyah;;Salamiyah;;;;;x;;;;
PROV1243;Kafr-Tab;Kafr-Tab;Kafr-Tab;;Kafr-Tab;;;;;x;;;;
PROV1244;Monferrand;Monferrand;Monferrand;;Monferrand;;;;;x;;;;
PROV1245;Gibelet;Gibelet;Gibelet;;Gibelet;;;;;x;;;;
PROV1246;Aunis;Aunis;Aunis;;Aunis;;;;;x;;;;
PROV1247;Görz;Görz;Görz;;Görz;;;;;x;;;;
PROV1248;Trégor;Trégor;Trégor;;Trégor;;;;;x;;;;
PROV1249;Nimes;Nimes;Nimes;;Nimes;;;;;x;;;;
PROV1250;Milau;Milau;Milau;;Milau;;;;;x;;;;
PROV1251;Carlat;Carlat;Carlat;;Carlat;;;;;x;;;;
PROV1252;Valentinois;Valentinois;Valentinois;;Valentinois;;;;;x;;;;
PROV1253;Marsan;Marsan;Marsan;;Marsan;;;;;x;;;;
PROV1254;Couserans;Couserans;Couserans;;Couserans;;;;;x;;;;
PROV1255;Dauphin d'auvergne;Dauphin d'auvergne;Dauphin d'auvergne;;Dauphin d'auvergne;;;;;x;;;;
PROV1256;Hildesheim;Hildesheim;Hildesheim;;Hildesheim;;;;;x;;;;
PROV1257;Regensburg;Regensburg;Regensburg;;Regensburg;;;;;x;;;;
PROV1258;Suðurland;Suðurland;Suðurland;;Suðurland;;;;;x;;;;
PROV1259;Sidon;Sidon;Sidon;;Sidon;;;;;x;;;;
PROV1260;Caesarea;Caesarea;Caesarea;;Caesarea;;;;;x;;;;
PROV1261;Nazareth;Nazareth;Nazareth;;Nazareth;;;;;x;;;;
PROV1262;Ibelin;Ibelin;Ibelin;;Ibelin;;;;;x;;;;
PROV1263;Opava;Opava;Opava;;Opava;;;;;x;;;;
PROV1264;Kuenring;Kuenring;Kuenring;;Kuenring;;;;;x;;;;
PROV1265;Zatec;Zatec;Zatec;;Zatec;;;;;x;;;;
PROV1266;An Nafud;An Nafud;An Nafud;;An Nafud;;;;;x;;;;
PROV1267;Szvuine;Szvuine;Szvuine;;Szvuine;;;;;x;;;;
PROV1268;Koporje;Koporje;Koporje;;Koporje;;;;;x;;;;
PROV1269;Rusa;Rusa;Rusa;;Rusa;;;;;x;;;;
PROV1270;Porhov;Porhov;Porhov;;Porhov;;;;;x;;;;
PROV1271;Ustyug Zhelezny;Ustyug Zhelezny;Ustyug Zhelezny;;Ustyug Zhelezny;;;;;x;;;;
PROV1272;Volokolamsk;Volokolamsk;Volokolamsk;;Volokolamsk;;;;;x;;;;
PROV1273;Kadom;Kadom;Kadom;;Kadom;;;;;x;;;;
PROV1274;Kozel'sk;Kozel'sk;Kozel'sk;;Kozel'sk;;;;;x;;;;
PROV1275;Novosil;Novosil;Novosil;;Novosil;;;;;x;;;;
PROV1276;Tarusa;Tarusa;Tarusa;;Tarusa;;;;;x;;;;
PROV1277;Karachev;Karachev;Karachev;;Karachev;;;;;x;;;;
PROV1278;Obolensk;Obolensk;Obolensk;;Obolensk;;;;;x;;;;
PROV1279;Zhytomyr;Zhytomyr;Zhytomyr;;Zhytomyr;;;;;x;;;;
PROV1280;Ovruch;Ovruch;Ovruch;;Ovruch;;;;;x;;;;
PROV1281;Romen;Romen;Romen;;Romen;;;;;x;;;;
PROV1282;Dubrovitsa;Dubrovitsa;Dubrovitsa;;Dubrovitsa;;;;;x;;;;
PROV1283;Cern;Cern;Cern;;Cern;;;;;x;;;;
PROV1284;Ostrog;Ostrog;Ostrog;;Ostrog;;;;;x;;;;
PROV1285;Zvenigorod;Zvenigorod;Zvenigorod;;Zvenigorod;;;;;x;;;;
PROV1286;Kamenec;Kamenec;Kamenec;;Kamenec;;;;;x;;;;
PROV1287;Mologa;Mologa;Mologa;;Mologa;;;;;x;;;;
PROV1288;Lukoml;Lukoml;Lukoml;;Lukoml;;;;;x;;;;
PROV1289;Poltava;Poltava;Poltava;;Poltava;;;;;x;;;;
PROV1290;Hotmysl;Hotmysl;Hotmysl;;Hotmysl;;;;;x;;;;
PROV1291;Belgorod;Belgorod;Belgorod;;Belgorod;;;;;x;;;;
PROV1292;Kursk;Kursk;Kursk;;Kursk;;;;;x;;;;
PROV1293;Rilsk;Rilsk;Rilsk;;Rilsk;;;;;x;;;;
PROV1294;Sluck;Sluck;Sluck;;Sluck;;;;;x;;;;
PROV1295;;;;;;;;;;x;;;;
PROV1296;Viipuri;Viipuri;Viipuri;;Viipuri;;;;;x;;;;
PROV1297;Pomesania;Pomesania;Pomesania;;Pomesania;;;;;x;;;;
PROV1298;Pogesania;Pogesania;Pogesania;;Pogesania;;;;;x;;;;
PROV1299;Bartia;Bartia;Bartia;;Bartia;;;;;x;;;;
PROV1300;Nadruvia;Nadruvia;Nadruvia;;Nadruvia;;;;;x;;;;
PROV1301;Swiecie;Swiecie;Swiecie;;Swiecie;;;;;x;;;;
PROV1302;Santok;Santok;Santok;;Santok;;;;;x;;;;
PROV1303;Neumark;Neumark;Neumark;;Neumark;;;;;x;;;;
PROV1304;Syndræ Sÿaland;Syndræ Sÿaland;Syndræ Sÿaland;;Syndræ Sÿaland;;;;;x;;;;
PROV1305;Asmena;Asmena;Asmena;;Asmena;;;;;x;;;;
PROV1306;Izjaslavl';Izjaslavl';Izjaslavl';;Izjaslavl';;;;;x;;;;
PROV1307;Bandava;Bandava;Bandava;;Bandava;;;;;x;;;;
PROV1308;Duvzare;Duvzare;Duvzare;;Duvzare;;;;;x;;;;
PROV1309;Vaiga;Vaiga;Vaiga;;Vaiga;;;;;x;;;;
PROV1310;Norræ Skaane;Norræ Skaane;Norræ Skaane;;Norræ Skaane;;;;;x;;;;
PROV1311;Finnveden;Finnveden;Finnveden;;Finnveden;;;;;x;;;;
PROV1312;Placeholder;Placeholder;Placeholder;;Placeholder;;;;;x;;;;
PROV1313;Belgard;Belgard;Belgard;;Belgard;;;;;x;;;;
PROV1314;Rawa;Rawa;Rawa;;Rawa;;;;;x;;;;
PROV1315;Leczyca;Leczyca;Leczyca;;Leczyca;;;;;x;;;;
PROV1316;Savona;Savona;Savona;;Savona;;;;;x;;;;
PROV1317;Celje;Celje;Celje;;Celje;;;;;x;;;;
PROV1318;Aquino;Aquino;Aquino;;Aquino;;;;;x;;;;
PROV1319;Placeholder;Placeholder;Placeholder;;Placeholder;;;;;x;;;;
PROV1320;Placeholder;Placeholder;Placeholder;;Placeholder;;;;;x;;;;
PROV1321;Placeholder;Placeholder;Placeholder;;Placeholder;;;;;x;;;;
PROV1322;Placeholder;Placeholder;Placeholder;;Placeholder;;;;;x;;;;
PROV1323;Placeholder;Placeholder;Placeholder;;Placeholder;;;;;x;;;;
PROV1324;Placeholder;Placeholder;Placeholder;;Placeholder;;;;;x;;;;
PROV1325;Placeholder;Placeholder;Placeholder;;Placeholder;;;;;x;;;;
PROV1326;Placeholder;Placeholder;Placeholder;;Placeholder;;;;;x;;;;
PROV1327;Placeholder;Placeholder;Placeholder;;Placeholder;;;;;x;;;;
PROV1328;Placeholder;Placeholder;Placeholder;;Placeholder;;;;;x;;;;
PROV1329;Placeholder;Placeholder;Placeholder;;Placeholder;;;;;x;;;;
PROV1330;Placeholder;Placeholder;Placeholder;;Placeholder;;;;;x;;;;
PROV1331;Bilbays;Bilbays;Bilbays;;Bilbays;;;;;x;;;;
PROV1332;Butanya;Butanya;Butanya;;Butanya;;;;;x;;;;
PROV1333;Rashid;Rachid;Rashid;;Rashid;;;;;x;;;;
PROV1334;Fayyum;Fayyoum;Fayyum;;Fayyum;;;;;x;;;;
PROV1335;Itfih;Itfih;Itfih;;Itfih;;;;;x;;;;
PROV1336;Bahnasa;Bahnasa;Bahnasa;;Bahnasa;;;;;x;;;;
PROV1337;Manfalut;Manfalout;Manfalut;;Manfalut;;;;;x;;;;
PROV1338;Eastern desert;Désert Oriental;Eastern desert;;Eastern desert;;;;;x;;;;
PROV1339;Ikhmin;Ikhmin;Ikhmin;;Ikhmin;;;;;x;;;;
PROV1340;Qus;Qous;Qus;;Qus;;;;;x;;;;
PROV1341;Kharija;Kharidja;Kharija;;Kharija;;;;;x;;;;
PROV1342;Dakhila;Dakhila;Dakhila;;Dakhila;;;;;x;;;;
PROV1343;Bahriya;Bahriya;Bahriya;;Bahriya;;;;;x;;;;
PROV1344;Farfarun;Farfaroun;Farfarun;;Farfarun;;;;;x;;;;
PROV1345;Adjadabiya;Adjadabiya;Adjadabiya;;Adjadabiya;;;;;x;;;;
PROV1346;Al-Aghaila;Al-Aghaila;Al-Aghaila;;Al-Aghaila;;;;;x;;;;
PROV1347;Jafran;Jafran;Jafran;;Jafran;;;;;x;;;;
PROV1348;Labda;Labda;Labda;;Labda;;;;;x;;;;
PROV1349;Zawiya;Zawiya;Zawiya;;Zawiya;;;;;x;;;;
PROV1350;Zuwara;Zuwara;Zuwara;;Zuwara;;;;;x;;;;
PROV1351;Jerid;Djerid;Jerid;;Jerid;;;;;x;;;;
PROV1352;Qashtiliya;Qashtiliya;Qashtiliya;;Qashtiliya;;;;;x;;;;
PROV1353;Sfax;Sfax;Sfax;;Sfax;;;;;x;;;;
PROV1354;Tabassa;Tabassa;Tabassa;;Tabassa;;;;;x;;;;
PROV1355;Kabylia;Kabylia;Kabylia;;Kabylia;;;;;x;;;;
PROV1356;Arigh;Arigh;Arigh;;Arigh;;;;;x;;;;
PROV1357;Wajda;Ouadjda;Wajda;;Wajda;;;;;x;;;;
PROV1358;Sa;Sa;Sa;;Sa;;;;;x;;;;
PROV1359;Malila;Malila;Malila;;Malila;;;;;x;;;;
PROV1360;Nakur;Nakur;Nakur;;Nakur;;;;;x;;;;
PROV1361;Sala;Sala;Sala;;Sala;;;;;x;;;;
PROV1362;Tafilalet;Tafilalet;Tafilalet;;Tafilalet;;;;;x;;;;
PROV1363;Draa;Draa;Draa;;Draa;;;;;x;;;;
PROV1364;Tarudant;Tarudant;Tarudant;;Tarudant;;;;;x;;;;
PROV1365;Taoudeni;Taoudeni;Taoudeni;;Taoudeni;;;;;x;;;;
PROV1366;Tassarahla;Tassarahla;Tassarahla;;Tassarahla;;;;;x;;;;
PROV1367;Bir um Grein;Bir um Grein;Bir um Grein;;Bir um Grein;;;;;x;;;;
PROV1368;Amatlus;Amatlus;Amatlus;;Amatlus;;;;;x;;;;
PROV1369;Tagant;Tagant;Tagant;;Tagant;;;;;x;;;;
PROV1370;Masin;Masin;Masin;;Masin;;;;;x;;;;
PROV1371;Takrur;Takrur;Takrur;;Takrur;;;;;x;;;;
PROV1372;Silla;Silla;Silla;;Silla;;;;;x;;;;
PROV1373;Diafanu;Diafanu;Diafanu;;Diafanu;;;;;x;;;;
PROV1374;Kingui;Kingui;Kingui;;Kingui;;;;;x;;;;
PROV1375;Soso;Soso;Soso;;Soso;;;;;x;;;;
PROV1376;Awgham;Aougham;Awgham;;Awgham;;;;;x;;;;
PROV1377;Mema;Mema;Mema;;Mema;;;;;x;;;;
PROV1378;Massina;Massina;Massina;;Massina;;;;;x;;;;
PROV1379;Djolof;Djolof;Djolof;;Djolof;;;;;x;;;;
PROV1380;Kaba;Kaba;Kaba;;Kaba;;;;;x;;;;
PROV1381;Galam;Galam;Galam;;Galam;;;;;x;;;;
PROV1382;Cayor;Cayor;Cayor;;Cayor;;;;;x;;;;
PROV1383;Malal;Malal;Malal;;Malal;;;;;x;;;;
PROV1384;Bure;Bure;Bure;;Bure;;;;;x;;;;
PROV1385;Kankan;Kankan;Kankan;;Kankan;;;;;x;;;;
PROV1386;Kita;Kita;Kita;;Kita;;;;;x;;;;
PROV1387;Sibiriridugu;Sibiriridugu;Sibiriridugu;;Sibiriridugu;;;;;x;;;;
PROV1388;Sikasso;Sikasso;Sikasso;;Sikasso;;;;;x;;;;
PROV1389;Kala;Kala;Kala;;Kala;;;;;x;;;;
PROV1390;Bingugu;Bingugu;Bingugu;;Bingugu;;;;;x;;;;
PROV1391;Bobo Dyulasso;Bobo Dyulasso;Bobo Dyulasso;;Bobo Dyulasso;;;;;x;;;;
PROV1392;Yatenga;Yatenga;Yatenga;;Yatenga;;;;;x;;;;
PROV1393;Risiom;Risiom;Risiom;;Risiom;;;;;x;;;;
PROV1394;Mabruk;Mabruk;Mabruk;;Mabruk;;;;;x;;;;
PROV1395;Wallen;Ouallen;Wallen;;Wallen;;;;;x;;;;
PROV1396;Tuat;Tuat;Tuat;;Tuat;;;;;x;;;;
PROV1397;Al-Qulaya;Al-Qulaya;Al-Qulaya;;Al-Qulaya;;;;;x;;;;
PROV1398;Ghardaiya;Ghardaiya;Ghardaiya;;Ghardaiya;;;;;x;;;;
PROV1399;Wargla;Wargla;Wargla;;Wargla;;;;;x;;;;
PROV1400;Tukkúrt;Tukkúrt;Tukkúrt;;Tukkúrt;;;;;x;;;;
PROV1401;Nafusa;Nafusa;Nafusa;;Nafusa;;;;;x;;;;
PROV1402;Waddan;Ouaddan;Waddan;;Waddan;;;;;x;;;;
PROV1403;Sebna;Sebna;Sebna;;Sebna;;;;;x;;;;
PROV1404;Murzuk;Murzuk;Murzuk;;Murzuk;;;;;x;;;;
PROV1405;Zawila;Zaouila;Zawila;;Zawila;;;;;x;;;;
PROV1406;Tazerbo;Tazerbo;Tazerbo;;Tazerbo;;;;;x;;;;
PROV1407;Gherma;Gherma;Gherma;;Gherma;;;;;x;;;;
PROV1408;Tumma;Tumma;Tumma;;Tumma;;;;;x;;;;
PROV1409;Djado;Djado;Djado;;Djado;;;;;x;;;;
PROV1410;Ain Azawa;Ain Azawa;Ain Azawa;;Ain Azawa;;;;;x;;;;
PROV1411;Djanet;Djanet;Djanet;;Djanet;;;;;x;;;;
PROV1412;Hoggar;Hoggar;Hoggar;;Hoggar;;;;;x;;;;
PROV1413;Ain Zize;Ain Zize;Ain Zize;;Ain Zize;;;;;x;;;;
PROV1414;Tenerife;Tenerife;Tenerife;;Tenerife;;;;;x;;;;
PROV1415;Gran Canaria;Gran Canaria;Gran Canaria;;Gran Canaria;;;;;x;;;;
PROV1416;Fuerteventura;Fuerteventura;Fuerteventura;;Fuerteventura;;;;;x;;;;
PROV1417;Ilízí;Ilízí;Ilízí;;Ilízí;;;;;x;;;;
PROV1418;Grand Erg;Grand Erg;Grand Erg;;Grand Erg;;;;;x;;;;
PROV1419;Ghat Sahara;Ghat Sahara;Ghat Sahara;;Ghat Sahara;;;;;x;;;;
PROV1420;South Sahara;South Sahara;South Sahara;;South Sahara;;;;;x;;;;
PROV1421;Tenere desert;Tenere desert;Tenere desert;;Tenere desert;;;;;x;;;;
PROV1422;South Tenere;South Tenere;South Tenere;;South Tenere;;;;;x;;;;
PROV1423;Libyan desert;Libyan desert;Libyan desert;;Libyan desert;;;;;x;;;;
PROV1424;Stafford;Stafford;Stafford;;Stafford;;;;;x;;;;
PROV1425;Hertford;Hertford;Hertford;;Hertford;;;;;x;;;;
PROV1426;Cambridge;Cambridge;Cambridge;;Cambridge;;;;;x;;;;
PROV1427;Huntingdon;Huntingdon;Huntingdon;;Huntingdon;;;;;x;;;;
PROV1428;Rutland;Rutland;Rutland;;Rutland;;;;;x;;;;
PROV1429;Nottingham;Nottingham;Nottingham;;Nottingham;;;;;x;;;;
PROV1430;York Moods;York Moods;York Moods;;York Moods;;;;;x;;;;
PROV1431;York Wolds;York Wolds;York Wolds;;York Wolds;;;;;x;;;;
PROV1432;Guernsey;Guernsey;Guernsey;;Guernsey;;;;;x;;;;
PROV1433;Jersey;Jersey;Jersey;;Jersey;;;;;x;;;;
PROV1434;Daire;Daire;Daire;;Daire;;;;;x;;;;
PROV1435;Ard Mhacha;Ard Mhacha;Ard Mhacha;;Ard Mhacha;;;;;x;;;;
PROV1436;Fir Manach;Fir Manach;Fir Manach;;Fir Manach;;;;;x;;;;
PROV1437;Mhuineachain;Mhuineachain;Mhuineachain;;Mhuineachain;;;;;x;;;;
PROV1438;Chabhain;Chabhain;Chabhain;;Chabhain;;;;;x;;;;
PROV1439;Shligigh;Shligigh;Shligigh;;Shligigh;;;;;x;;;;
PROV1440;Gaillimhe;Gaillimhe;Gaillimhe;;Gaillimhe;;;;;x;;;;
PROV1441;Anghaile;Anghaile;Anghaile;;Anghaile;;;;;x;;;;
PROV1442;Tethbae;Tethbae;Tethbae;;Tethbae;;;;;x;;;;
PROV1443;Uibh Fhaili;Uibh Fhaili;Uibh Fhaili;;Uibh Fhaili;;;;;x;;;;
PROV1444;An Dhun;An Dhun;An Dhun;;An Dhun;;;;;x;;;;
PROV1445;Chill Mhantain;Chill Mhantain;Chill Mhantain;;Chill Mhantain;;;;;x;;;;
PROV1446;Cheatharlach;Cheatharlach;Cheatharlach;;Cheatharlach;;;;;x;;;;
PROV1447;Laoise;Laoise;Laoise;;Laoise;;;;;x;;;;
PROV1448;Thiobraid Arann;Thiobraid Arann;Thiobraid Arann;;Thiobraid Arann;;;;;x;;;;
PROV1449;Luimnigh;Luimnigh;Luimnigh;;Luimnigh;;;;;x;;;;
PROV1450;Corcaigh;Corcaigh;Corcaigh;;Corcaigh;;;;;x;;;;
PROV1451;Gallaibh;Gallaibh;Gallaibh;;Gallaibh;;;;;x;;;;
PROV1452;Inbhir Narann;Inbhir Narann;Inbhir Narann;;Inbhir Narann;;;;;x;;;;
PROV1453;Inbhir Nis;Inbhir Nis;Inbhir Nis;;Inbhir Nis;;;;;x;;;;
PROV1454;Leodhas;Leodhas;Leodhas;;Leodhas;;;;;x;;;;
PROV1455;Uibhist;Uibhist;Uibhist;;Uibhist;;;;;x;;;;
PROV1456;Rum;Rum;Rum;;Rum;;;;;x;;;;
PROV1457;Muile;Muile;Muile;;Muile;;;;;x;;;;
PROV1458;Ile;Ile;Ile;;Ile;;;;;x;;;;
PROV1459;Kintyre;Kintyre;Kintyre;;Kintyre;;;;;x;;;;
PROV1460;Bod;Bod;Bod;;Bod;;;;;x;;;;
PROV1461;Obar Dheathain;Obar Dheathain;Obar Dheathain;;Obar Dheathain;;;;;x;;;;
PROV1462;Cinn Chardainn;Cinn Chardainn;Cinn Chardainn;;Cinn Chardainn;;;;;x;;;;
PROV1463;Ceann Rois;Ceann Rois;Ceann Rois;;Ceann Rois;;;;;x;;;;
PROV1464;Chlach Mhannainn;Chlach Mhannainn;Chlach Mhannainn;;Chlach Mhannainn;;;;;x;;;;
PROV1465;Dun Breatainn;Dun Breatainn;Dun Breatainn;;Dun Breatainn;;;;;x;;;;
PROV1466;Rinn Friu;Rinn Friu;Rinn Friu;;Rinn Friu;;;;;x;;;;
PROV1467;Na Puballan;Na Puballan;Na Puballan;;Na Puballan;;;;;x;;;;
PROV1468;Salcraig;Salcraig;Salcraig;;Salcraig;;;;;x;;;;
PROV1469;Baile Na H Uige;Baile Na H Uige;Baile Na H Uige;;Baile Na H Uige;;;;;x;;;;
PROV1470;Dun Phris;Dun Phris;Dun Phris;;Dun Phris;;;;;x;;;;
PROV1471;Buellt;Buellt;Buellt;;Buellt;;;;;x;;;;
PROV1472;Rhwng Gwy A Hafren;Rhwng Gwy A Hafren;Rhwng Gwy A Hafren;;Rhwng Gwy A Hafren;;;;;x;;;;
PROV1473;Gwyr;Gwyr;Gwyr;;Gwyr;;;;;x;;;;
PROV1474;Wight;Wight;Wight;;Wight;;;;;x;;;;
PROV1475;Placeholder;Placeholder;Placeholder;;Placeholder;;;;;x;;;;
PROV1476;Placeholder;Placeholder;Placeholder;;Placeholder;;;;;x;;;;
PROV1477;Placeholder;Placeholder;Placeholder;;Placeholder;;;;;x;;;;
PROV1478;Placeholder;Placeholder;Placeholder;;Placeholder;;;;;x;;;;
PROV1479;Placeholder;Placeholder;Placeholder;;Placeholder;;;;;x;;;;
PROV1480;Placeholder;Placeholder;Placeholder;;Placeholder;;;;;x;;;;
PROV1481;Placeholder;Placeholder;Placeholder;;Placeholder;;;;;x;;;;
PROV1482;Placeholder;Placeholder;Placeholder;;Placeholder;;;;;x;;;;
PROV1483;Placeholder;Placeholder;Placeholder;;Placeholder;;;;;x;;;;
PROV1484;Placeholder;Placeholder;Placeholder;;Placeholder;;;;;x;;;;
PROV1485;Placeholder;Placeholder;Placeholder;;Placeholder;;;;;x;;;;
PROV1486;Placeholder;Placeholder;Placeholder;;Placeholder;;;;;x;;;;
PROV1487;Placeholder;Placeholder;Placeholder;;Placeholder;;;;;x;;;;
PROV1488;Placeholder;Placeholder;Placeholder;;Placeholder;;;;;x;;;;
PROV1489;Placeholder;Placeholder;Placeholder;;Placeholder;;;;;x;;;;
PROV1490;Placeholder;Placeholder;Placeholder;;Placeholder;;;;;x;;;;
PROV1491;Placeholder;Placeholder;Placeholder;;Placeholder;;;;;x;;;;
PROV1492;Placeholder;Placeholder;Placeholder;;Placeholder;;;;;x;;;;
PROV1493;Placeholder;Placeholder;Placeholder;;Placeholder;;;;;x;;;;
PROV1494;Placeholder;Placeholder;Placeholder;;Placeholder;;;;;x;;;;
PROV1495;Placeholder;Placeholder;Placeholder;;Placeholder;;;;;x;;;;
PROV1496;Placeholder;Placeholder;Placeholder;;Placeholder;;;;;x;;;;
PROV1497;Placeholder;Placeholder;Placeholder;;Placeholder;;;;;x;;;;
PROV1498;Placeholder;Placeholder;Placeholder;;Placeholder;;;;;x;;;;
PROV1499;Placeholder;Placeholder;Placeholder;;Placeholder;;;;;x;;;;
PROV1500;Placeholder;Placeholder;Placeholder;;Placeholder;;;;;x;;;;
PROV1501;Placeholder;Placeholder;Placeholder;;Placeholder;;;;;x;;;;
PROV1502;Placeholder;Placeholder;Placeholder;;Placeholder;;;;;x;;;;
PROV1503;Placeholder;Placeholder;Placeholder;;Placeholder;;;;;x;;;;
PROV1504;Placeholder;Placeholder;Placeholder;;Placeholder;;;;;x;;;;
PROV1505;Placeholder;Placeholder;Placeholder;;Placeholder;;;;;x;;;;
PROV1506;Placeholder;Placeholder;Placeholder;;Placeholder;;;;;x;;;;
PROV1507;Placeholder;Placeholder;Placeholder;;Placeholder;;;;;x;;;;
PROV1508;Placeholder;Placeholder;Placeholder;;Placeholder;;;;;x;;;;
PROV1509;Placeholder;Placeholder;Placeholder;;Placeholder;;;;;x;;;;
PROV1510;Placeholder;Placeholder;Placeholder;;Placeholder;;;;;x;;;;
PROV1511;Placeholder;Placeholder;Placeholder;;Placeholder;;;;;x;;;;
PROV1512;Placeholder;Placeholder;Placeholder;;Placeholder;;;;;x;;;;
PROV1513;Placeholder;Placeholder;Placeholder;;Placeholder;;;;;x;;;;
PROV1514;Placeholder;Placeholder;Placeholder;;Placeholder;;;;;x;;;;
PROV1515;Placeholder;Placeholder;Placeholder;;Placeholder;;;;;x;;;;
PROV1516;Placeholder;Placeholder;Placeholder;;Placeholder;;;;;x;;;;
PROV1517;Placeholder;Placeholder;Placeholder;;Placeholder;;;;;x;;;;
PROV1518;Placeholder;Placeholder;Placeholder;;Placeholder;;;;;x;;;;
PROV1519;Placeholder;Placeholder;Placeholder;;Placeholder;;;;;x;;;;
PROV1520;Placeholder;Placeholder;Placeholder;;Placeholder;;;;;x;;;;
PROV1521;Placeholder;Placeholder;Placeholder;;Placeholder;;;;;x;;;;
PROV1522;Placeholder;Placeholder;Placeholder;;Placeholder;;;;;x;;;;
PROV1523;Placeholder;Placeholder;Placeholder;;Placeholder;;;;;x;;;;
PROV1524;Placeholder;Placeholder;Placeholder;;Placeholder;;;;;x;;;;
PROV1525;Placeholder;Placeholder;Placeholder;;Placeholder;;;;;x;;;;
PROV1526;Placeholder;Placeholder;Placeholder;;Placeholder;;;;;x;;;;
PROV1527;Placeholder;Placeholder;Placeholder;;Placeholder;;;;;x;;;;
PROV1528;Placeholder;Placeholder;Placeholder;;Placeholder;;;;;x;;;;
PROV1529;Placeholder;Placeholder;Placeholder;;Placeholder;;;;;x;;;;
PROV1530;Placeholder;Placeholder;Placeholder;;Placeholder;;;;;x;;;;
PROV1531;Placeholder;Placeholder;Placeholder;;Placeholder;;;;;x;;;;
PROV1532;Placeholder;Placeholder;Placeholder;;Placeholder;;;;;x;;;;
PROV1533;Placeholder;Placeholder;Placeholder;;Placeholder;;;;;x;;;;
PROV1534;Placeholder;Placeholder;Placeholder;;Placeholder;;;;;x;;;;
PROV1535;Placeholder;Placeholder;Placeholder;;Placeholder;;;;;x;;;;
PROV1536;Golfe de Hammamet;Golfe de Hammamet;Golfe de Hammamet;;Golfe de Hammamet;;;;;;;;;x
PROV1537;Malta Channel;Canal de Malte;Maltakanal;;Canal de Malta;;;;;;;;;x
PROV1538;Gulf of Sidra;Golfe de Sidra;Golf von Sidra;;Golfo de Sidra;;;;;;;;;x
PROV1539;Golfo di Taranto;Golfe de Taranto;Golf von Tarent;;Golfo de Otranto;;;;;;;;;x
PROV1540;Ionian Sea;Mer Ionienne;Ionisches Meer;;Mar Jónico;;;;;;;;;x
PROV1541;Strait of Otranto;Détroit d'Otranto;Straße von Otranto;;Estrecho de Otranto;;;;;;;;;x
PROV1542;Adriatic Sea;Mer Adriatique;Adria;;Mar Adriático;;;;;;;;;x
PROV1543;Gulf of Venice;Golfe de Venise;Golf von Venedig;;Golfo de Venecia;;;;;;;;;x
PROV1544;Aegean Sea;Mer Egée;Ägäis;;Mar Egeo  ;;;;;;;;;x
PROV1545;Cyclades;Cyclades;Kykladen;;Cícladas;;;;;;;;;x
PROV1546;Sea of Crete;Mer de Crète;See von Kreta;;Mar de Creta;;;;;;;;;x
PROV1547;Coast of Egypt;Côte d'Égypte;Ägyptische Küste;;Costa de Egipto;;;;;;;;;x
PROV1548;Nile Delta;Delta du Nil;Nildelta;;Delta del Nilo;;;;;;;;;x
PROV1549;Sea of Palestine;Mer de Palestine;Palästinische See;;Mar de Palestina;;;;;;;;;x
PROV1550;Eastern Mediterranean;Méditerranée Orientale;Östliches Mittelmeer;;Mediterráneo del Este;;;;;;;;;x
PROV1551;Western Aegean Sea;Mer Egée Occidentale;Westliche Ägäis;;Mar Egeo occidental;;;;;;;;;x
PROV1552;Näsijärvi;Näsijärvi;Näsijärvi;;Näsijärvi;;;;;;;;;x
PROV1553;Aral Sea;Mer d'Aral;Aralsee;;Mar Aral;;;;;;;;;x
PROV1554;Levantine Sea;Mer Levantine;Levantinisches Meer;;Mar levantino;;;;;;;;;x
PROV1555;Cilician Sea;Mer de Sicile;Kilikisches Meer;;Mar de Cilicia;;;;;;;;;x
PROV1556;Sea of Marmara;Mer de Marmara;See von Marmara;;Mar de Mármara;;;;;;;;;x
PROV1557;Gulf of Varna;Golfe de Varna;Golf von Varna;;Golfo de Varna;;;;;;;;;x
PROV1558;Coast of Taurida;Côte de Taurida;Küste von Taurida;;Costa de Taurida;;;;;;;;;x
PROV1559;Black Sea;Mer Noire;Schwarzes Meer;;Mar Negro;;;;;;;;;x
PROV1560;Coast of Kolkhida;Côte de Kolkhida;Küste von Kolkhida;;Costa de Kolkhida;;;;;;;;;x
PROV1561;Caspian Sea;Mer Caspienne;Kaspisches Meer;;Mar Caspio;;;;;;;;;x
PROV1562;Coast of Morocco;Côte du Maroc;Küste von Marokko;;Costa de Marruecos;;;;;;;;;x
PROV1563;Strait of Gibraltar;Détroit de Gibraltar;Straße von Gibraltar;;Estrecho de Gibraltar;;;;;;;;;x
PROV1564;Saimaa;Saimaa;Saimaa;;Saimaa;;;;;;;;;x
PROV1565;Lake Balaton;Lake Balaton;Lake Balaton;;Lake Balaton;;;;;;;;;x
PROV1566;Oulujärvi;Oulujärvi;Oulujärvi;;Oulujärvi;;;;;;;;;x
PROV1567;Ladoga Lake;Lac Ladoga;Ladogasee;;Lago Ladoga;;;;;;;;;x
PROV1568;Mälaren;Mälaren;Mälaren;;Mälaren;;;;;;;;;x
PROV1569;Faroya;Faroya;Faroya;;Faroya;;;;;;;;;x
PROV1570;Hjälmaren;Hjälmaren;Hjälmaren;;Hjälmaren;;;;;;;;;x
PROV1571;Vättern;Vättern;Vättern;;Vättern;;;;;;;;;x
PROV1572;Vänern;Vänern;Vänern;;Vänern;;;;;;;;;x
PROV1573;White Sea;Mer Blanche;Weißmeer;;Mar Blanco;;;;;;;;;x
PROV1574;Strait of Dover;Détroit de Douvres;Straße von Dover;;Paso de Calais;;;;;;;;;x
PROV1575;The Solent;Le Solent;Der Solent;;The Solent;;;;;;;;;x
PROV1576;Land's End;Land's End;Land's End;;Finisterre;;;;;;;;;x
PROV1577;St. George's Channel;Canal Saint-Georges;St.-Georgs-Kanal;;Canal de San Jorge;;;;;;;;;x
PROV1578;Sea of Azov;Mer d'Azov;See von Azov;;Mar de Azov;;;;;;;;;x
PROV1579;Cabo de Finisterre;Cap Finisterre;Finisterre;;Cabo de Finisterre;;;;;;;;;x
PROV1580;Bodensee;Lac de Constance;Bodensee;;Bodensee;;;;;;;;;x
PROV1581;Kara-Bogaz Gol;Kara-Bogaz Gol;Kara-Bogaz Gol;;Kara-Bogaz Gol;;;;;;;;;x
PROV1582;Noordzee;Noordzee;Noordzee;;Noordzee;;;;;;;;;x
PROV1583;Bay of Biscay;Golfe de Gascogne;Biskaya;;Bahía de Vizcaya;;;;;;;;;x
PROV1584;Donegal Bay;Baie de Donegal;Donegal Bay;;Bahía de Donegal;;;;;;;;;x
PROV1585;Sea of Canarias;Mer des Canaries;See von Canarias;;Mar de Canarias;;;;;;;;;x
PROV1586;Bretagne Coast;Côte de Bretagne;Bretagneküste;;Costa de Bretaña;;;;;;;;;x
PROV1587;Atlantic;Atlantique;Atlantik;;Atlántico;;;;;;;;;x
PROV1588;Tiveriade Lake;Lac de Tibériade;Tiveriade-See;;Lago de Tiberíades;;;;;;;;;x
PROV1589;Portugal Coast;Côte du Portugal;Küste von Portugal;;Costa de Portugal;;;;;;;;;x
PROV1590;Golfo de Cadiz;Golfe de Cadix;Golf von Cadiz;;Golfo de Cádiz;;;;;;;;;x
PROV1591;Coast of Iceland;Côte d'Islande;Küste von Island;;Costa de Islandia;;;;;;;;;x
PROV1592;Dead Sea;Mer Morte;Totes Meer;;Mar Muerto;;;;;;;;;x
PROV1593;North Atlantic;Atlantique Nord;Nordatlantik;;Atlántico Norte;;;;;;;;;x
PROV1594;North Atlantic;Atlantique Nord;Nordatlantik;;Atlántico Norte;;;;;;;;;x
PROV1595;North Sea;Mer du Nord;Nordsee;;Mar del Norte;;;;;;;;;x
PROV1596;North Sea;Mer du Nord;Nordsee;;Mar del Norte;;;;;;;;;x
PROV1597;North Sea;Mer du Nord;Nordsee;;Mar del Norte;;;;;;;;;x
PROV1598;North Sea;Mer du Nord;Nordsee;;Mar del Norte;;;;;;;;;x
PROV1599;Sea of Shetland;Mer des Shetland;Shetlandsee;;Mar de Shetland;;;;;;;;;x
PROV1600;Bantry Bay;Baie de Bantry;Bantry Bay;;Bahía Bantry;;;;;;;;;x
PROV1601;The Minch;Le Minch;The Minch;;El Minch;;;;;;;;;x
PROV1602;Moray Firth;Moray Firth;Moray Firth;;Moray Firth;;;;;;;;;x
PROV1603;Firth of Forth;Firth of Forth;Firth of Forth;;Firth of Forth;;;;;;;;;x
PROV1604;Dogger bank;Dogger Bank;Doggerbank;;Dogger bank;;;;;;;;;x
PROV1605;The Wash;Le Wash;The Wash;;The Wash;;;;;;;;;x
PROV1606;Onega;Onega;Onega;;Onega;;;;;;;;;x
PROV1607;North Sea;Mer du Nord;Nordsee;;Mar del Norte;;;;;;;;;x
PROV1608;Øresund;Øresund;Øresund;;Øresund;;;;;;;;;x
PROV1609;Gulf of Heligoland;Golfe de Heligoland;Golf von Helgoland;;Golfo de Heligoland;;;;;;;;;x
PROV1610;Kattegat;Kattegat;Kattegat;;Kattegat;;;;;;;;;x
PROV1611;Gulf of Danzig;Golfe de Gdansk;Golf von Danzig;;Golfo de Danzig;;;;;;;;;x
PROV1612;Bight of Hanö;Anse de Hanö;Bucht von Hanö;;Bahía de Hanoi;;;;;;;;;x
PROV1613;Baltic Sea;Mer Baltique;Ostsee;;Mar Báltico;;;;;;;;;x
PROV1614;Sea of Åland;Mer d'Åland;See von Åland;;Mar de Åland;;;;;;;;;x
PROV1615;Gulf of Finland;Golfe de Finlande;Finnischer Meerbusen;;Golfo de Finlandia;;;;;;;;;x
PROV1616;Gulf of Bothnia;Golfe de Bothnie;Bottnischer Meerbusen;;Golfo de Botnia;;;;;;;;;x
PROV1617;Gulf of Bothnia;Golfe de Bothnie;Bottnischer Meerbusen;;Golfo de Botnia;;;;;;;;;x
PROV1618;Baie de la Seine;Baie de la Seine;Baie de la Seine;;Bahía del Sena;;;;;;;;;x
PROV1619;Îles de la Manche;Îles de la Manche;Kanalinseln;;Islas del Canal;;;;;;;;;x
PROV1620;Mauretanian Coast;Côte de Mauritanie;Mauretanische Küse;;Costa Mauritana;;;;;;;;;x
PROV1621;Lake Peipus;Lac Peipus;Peipus-See;;Lago Peipus;;;;;;;;;x
PROV1622;Lake Yalpug;Lac Yalpug;Yalpug-See;;Lago Yalpug;;;;;;;;;x
PROV1623;Coast of Asturias;Côte asturienne;Asturische Küste;;Costa de Asturias;;;;;;;;;x
PROV1624;Northern Bay of Biscay;Nord du golfe de Gascogne;Nördliche Biskaya;;Golfo de Vizcaya;;;;;;;;;x
PROV1625;Celtic Sea;Mer Celtique;Keltische See;;Mar celta;;;;;;;;;x
PROV1626;Coast of Iceland;Coast of Iceland;Coast of Iceland;;Coast of Iceland;;;;;;;;;x
PROV1627;Coast of Iceland;Coast of Iceland;Coast of Iceland;;Coast of Iceland;;;;;;;;;x
PROV1628;Western Cyclades;Cyclades Occidentales;West-Kykladen;;Cícladas del oeste;;;;;;;;;x
PROV1629;Lake Scutari;Lake Scutari;Lake Scutari;;Lake Scutari;;;;;;;;;x
PROV1630;Lake Ohrid;Lake Ohrid;Lake Ohrid;;Lake Ohrid;;;;;;;;;x
PROV1631;Lake Prespa;Lake Prespa;Lake Prespa;;Lake Prespa;;;;;;;;;x
PROV1632;Päijänne;Päijänne;Päijänne;;Päijänne;;;;;;;;;x
PROV1633;Irish Sea;Mer d'Irlande;Irische See;;Mar de Irlanda;;;;;;;;;x
PROV1634;Western Mediterranean;Méditerranée Occidentale;Westliches Mittelmeer;;Mediterráneo del Oeste;;;;;;;;;x
PROV1635;Golfo de Valencia;Golfe de Valence;Golf von Valencia;;Golfo de Valencia;;;;;;;;;x
PROV1636;Islas Baleares;Îles Baléares;Balearen;;Islas Baleares;;;;;;;;;x
PROV1637;Ponant;Ponant;Ponant;;Ponant;;;;;;;;;x
PROV1638;Mediterranean Sea;Mer Méditerranée;Mittelmeer;;Mar Mediterráneo  ;;;;;;;;;x
PROV1639;Golfe du Lion;Golfe du Lion;Golfe du Lion;;Golfo de León;;;;;;;;;x
PROV1640;Lake Léman;Lac Léman;Léman-See;;Lago Lemán;;;;;;;;;x
PROV1641;Cote d Azur;Côte d Azur;Cote d Azur;;Costa Azul;;;;;;;;;x
PROV1642;Ligurian Sea;Mer Ligurienne;Ligurisches Meer;;Mar de Liguria;;;;;;;;;x
PROV1643;Tyrrhenian Sea;Mer Tyrrhénienne;Tyrrhenisches Meer;;Mar Tirreno;;;;;;;;;x
PROV1644;Coast of Sardegna;Côte de Sardaigne;Sardegna-Küste;;Costa de Cerdeña;;;;;;;;;x
PROV1645;Golfo di Napoli;Golfe de Naples;Golf von Neapel;;Golfo de Nápoles;;;;;;;;;x
PROV1646;Strait di Messina;Détroit de Messine;Messina-Straße;;Estrecho de Mesina;;;;;;;;;x
PROV1647;Lake Sevan;Lake Sevan;Lake Sevan;;Lake Sevan;;;;;;;;;x
PROV1648;Lake Van;Lake Van;Lake Van;;Lake Van;;;;;;;;;x
PROV1649;Lake Urmia;Lake Urmia;Lake Urmia;;Lake Urmia;;;;;;;;;x
PROV1650;Lake Fertö;Lake Fertö;Lake Fertö;;Lake Fertö;;;;;;;;;x
PROV1651;Limfjorden;Limfjorden;Limfjorden;;Limfjorden;;;;;;;;;x
PROV1652;Skagerak;Skagerak;Skagerak;;Skagerak;;;;;;;;;x
PROV1653;Jammerbugten;Jammerbugten;Jammerbugten;;Jammerbugten;;;;;;;;;x
PROV1654;Storebælt;Storebælt;Storebælt;;Storebælt;;;;;;;;;x
PROV1655;Vesterhavet;Vesterhavet;Vesterhavet;;Vesterhavet;;;;;;;;;x
PROV1656;Smålandshavet;Smålandshavet;Smålandshavet;;Smålandshavet;;;;;;;;;x
PROV1657;Lake Ilmen;Lake Ilmen;Lake Ilmen;;Lake Ilmen;;;;;;;;;x
PROV1658;Lake Vörts;Lake Vörts;Lake Vörts;;Lake Vörts;;;;;;;;;x
PROV1659;Plyussa;Plyussa;Plyussa;;Plyussa;;;;;;;;;x
PROV1660;Volkhov;Volkhov;Volkhov;;Volkhov;;;;;;;;;x
PROV1661;Lake Virihaure;Lake Virihaure;Lake Virihaure;;Lake Virihaure;;;;;;;;;x
PROV1662;Lake Vastenjaure;Lake Vastenjaure;Lake Vastenjaure;;Lake Vastenjaure;;;;;;;;;x
PROV1663;Lake Mologa;Lake Mologa;Lake Mologa;;Lake Mologa;;;;;;;;;x
PROV1664;Salsvatnet;Salsvatnet;Salsvatnet;;Salsvatnet;;;;;;;;;x
PROV1665;Lake Beloe;Lake Beloe;Lake Beloe;;Lake Beloe;;;;;;;;;x
PROV1666;Kama;Kama;Kama;;Kama;;;;;;;;;x
PROV1667;Volga;Volga;Volga;;Volga;;;;;;;;;x
PROV1668;Volga;Volga;Volga;;Volga;;;;;;;;;x
PROV1669;Don;Don;Don;;Don;;;;;;;;;x
PROV1670;Manych;Manych;Manych;;Manych;;;;;;;;;x
PROV1671;Chot El Jerid;Chot El Jerid;Chot El Jerid;;Chot El Jerid;;;;;;;;;x
PROV1672;Chot El Gharsa;Chot El Gharsa;Chot El Gharsa;;Chot El Gharsa;;;;;;;;;x
PROV1673;Chot El Melghir;Chot El Melghir;Chot El Melghir;;Chot El Melghir;;;;;;;;;x
PROV1674;Lake Chad;Lake Chad;Lake Chad;;Lake Chad;;;;;;;;;x
PROV1675;Loch Lomond;Loch Lomond;Loch Lomond;;Loch Lomond;;;;;;;;;x
PROV1676;Lough Neagh;Lough Neagh;Lough Neagh;;Lough Neagh;;;;;;;;;x
PROV1677;Erne;Erne;Erne;;Erne;;;;;;;;;x
PROV1678;Lough Ree;Lough Ree;Lough Ree;;Lough Ree;;;;;;;;;x
PROV1679;Lough Derg;Lough Derg;Lough Derg;;Lough Derg;;;;;;;;;x
PROV1680;Lough Corrib;Lough Corrib;Lough Corrib;;Lough Corrib;;;;;;;;;x
PROV1681;Lough Mask;Lough Mask;Lough Mask;;Lough Mask;;;;;;;;;x
PROV1682;Lough Conn;Lough Conn;Lough Conn;;Lough Conn;;;;;;;;;x
PROV1683;Nizhivy Vyg;Nizhivy Vyg;Nizhivy Vyg;;Nizhivy Vyg;;;;;;;;;x
PROV1684;Birket Qarun;Birket Qarun;Birket Qarun;;Birket Qarun;;;;;;;;;x
PROV1685;Svir;Svir;Svir;;Svir;;;;;;;;;x
PROV1686;Andoma;Andoma;Andoma;;Andoma;;;;;;;;;x
PROV1687;Soyda;Soyda;Soyda;;Soyda;;;;;;;;;x
PROV1688;Kema;Kema;Kema;;Kema;;;;;;;;;x
PROV1689;Sheksna;Sheksna;Sheksna;;Sheksna;;;;;;;;;x
