#CODE;ENGLISH;FRENCH;GERMAN;;SPANISH;;;;;;;;;x
#Bohemia;;;;;;;;;;;;;;
c_opava_adj;Opavan;Opavan;Opavan;;Opavan;;;;;;;;;x
c_zatec_adj;Zatecan;Zatecan;Zatecan;;Zatecan;;;;;;;;;x
#Baltics;;;;;;;;;;;;;;
c_szvuine_adj;Szvuine;Szvuine;Szvuine;;Szvuine;;;;;;;;;x
c_deltuva_adj;Deltuvian;Deltuvian;Deltuvian;;Deltuvian;;;;;;;;;x
c_jeriska_adj;Jeriskaian;Jeriskaian;Jeriskaian;;Jeriskaian;;;;;;;;;x
c_toreida;Torieda;Torieda;Torieda;;Torieda;;;;;;;;;x
c_kolberg_adj;Kolobrzeg;Kolobrzeg;Kolobrzeg;;Kolobrzeg;;;;;;;;;x
c_zemgalians_adj;Zemgalian;Zemgalian;Zemgalian;;Zemgalian;;;;;;;;;x
c_jarva_adj;Järvian;Järvian;Järvian;;Järvian;;;;;;;;;x
c_selija_adj;Selijan;Selijan;Selijan;;Selijan;;;;;;;;;x
c_metsepole_adj;Metsepolian;Metsepolian;Metsepolian;;Metsepolian;;;;;;;;;x
c_laanemaa_adj;Laanemaaian;Laanemaaian;Laanemaaian;;Laanemaaian;;;;;;;;;x
c_atzele_adj;Atzeleian;Atzeleian;Atzeleian;;Atzeleian;;;;;;;;;x
c_trakai_adj;Trakaian;Trakaian;Trakaian;;Trakaian;;;;;;;;;x
c_lida_adj;Lyda;Lyda;Lyda;;Lyda;;;;;;;;;x
c_sudovia_adj;Sudovia;Sudovia;Sudovia;;Sudovia;;;;;;;;;x
c_yatvyagi_adj;Dainava;Dainava;Dainava;;Dainava;;;;;;;;;x
c_asmena_adj;Ašmena;Ašmena;Ašmena;;Ašmena;;;;;;;;;x
c_upyte_adj;Upytian;Upytian;Upytian;;Upytian;;;;;;;;;x
c_nalshia_adj;Nalsian;Nalsian;Nalsian;;Nalsian;;;;;;;;;x
c_bandava;Bandava;Bandava;Bandava;;Bandava;;;;;;;;;x
c_duvzare;Duvzare;Duvzare;Duvzare;;Duvzare;;;;;;;;;x
c_vaiga;Vaiga;Vaiga;Vaiga;;Vaiga;;;;;;;;;x
#Balcan;;;;;;;;;;;;;;
c_polimilje_adj;Polimilje;Polimilje;Polimilje;;Polimilje;;;;;;;;;x
c_travunija_adj;Travunija;Travunija;Travunija;;Travunija;;;;;;;;;x
c_ravno_adj;Branicevo;Branicevo;Branicevo;;Branicevo;;;;;;;;;x
c_bihac_adj;Bihacian;Bihacian;Bihacian;;Bihacian;;;;;;;;;x
c_sibenik_adj;Sibenik;Sibenik;Sibenik;;Sibenik;;;;;;;;;x
c_syrmia_adj;Syrmian;Syrmian;Syrmian;;Syrmian;;;;;;;;;x
c_donjikraji_adj;Donji Krajian;Donji Krajian;Donji Krajian;;Donji Krajian;;;;;;;;;x
c_zavrsje_adj;Zavrsjian;Zavrsjian;Zavrsjian;;Zavrsjian;;;;;;;;;x
c_kotor_adj;Càttaroian;Càttaroian;Càttaroian;;Càttaroian;;;;;;;;;x
c_virovitica_adj;Virovitickian;Virovitickian;Virovitickian;;Virovitickian;;;;;;;;;x
c_valona_adj;Vlorëian;Vlorëian;Vlorëian;;Vlorëian;;;;;;;;;x
c_skopje_adj;Skopjian;Skopjian;Skopjian;;Skopjian;;;;;;;;;x
c_arbanon_adj;Arbërian;Arbërian;Arbërian;;Arbërian;;;;;;;;;x
c_traianopolis_adj;Traianopolisian;Traianopolisian;Traianopolisian;;Traianopolisian;;;;;;;;;x
c_corfu_adj;Corfuian;Corfuian;Corfuian;;Corfuian;;;;;;;;;x
c_prizren_adj;Prizrenian;Prizrenian;Prizrenian;;Prizrenian;;;;;;;;;x
c_macva_adj;Macvan;Macvan;Macvan;;Macvan;;;;;;;;;x
#Hungary;;;;;;;;;;;;;;
c_csanad_adj;Csanádian;Csanádian;Csanádian;;Csanádian;;;;;;;;;x
c_krasso_adj;Krassóian;Krassóian;Krassóian;;Krassóian;;;;;;;;;x
c_bars_adj;Barsian;Barsian;Barsian;;Barsian;;;;;;;;;x
c_komarom_adj;Komaromian;Komaromian;Komaromian;;Komaromian;;;;;;;;;x
c_bekes_adj;Békésian;Békésian;Békésian;;Békésian;;;;;;;;;x
c_zemplen_adj;Zemplénian;Zemplénian;Zemplénian;;Zemplénian;;;;;;;;;x
c_szepes_adj;Szepesian;Szepesian;Szepesian;;Szepesian;;;;;;;;;x
c_hont_adj;Hontian;Hontian;Hontian;;Hontian;;;;;;;;;x
c_pecs_adj;Bodrogvárian;Bodrogvárian;Bodrogvárian;;Bodrogvárian;;;;;;;;;x
c_fejer_adj;Fejérian;Fejérian;Fejérian;;Fejérian;;;;;;;;;x
c_esztergom_adj;Visegrádian;Visegrádian;Visegrádian;;Visegrádian;;;;;;;;;x
c_pressburg_adj;Pozsonyian;Pozsonyian;Pozsonyian;;Pozsonyian;;;;;;;;;x
c_bacs_adj;Csongrádian;Csongrádian;Csongrádian;;Csongrádian;;;;;;;;;x
c_nitra_adj;Nyitravárian;Nyitravárian;Nyitravárian;;Nyitravárian;;;;;;;;;x
c_feher_adj;Fehérian;Fehérian;Fehérian;;Fehérian;;;;;;;;;x
c_szekelyfold_adj;Dobokaian;Dobokaian;Dobokaian;;Dobokaian;;;;;;;;;x
c_bihar_adj;Biharian;Biharian;Biharian;;Biharian;;;;;;;;;x
c_arad_adj;Zarándian;Zarándian;Zarándian;;Zarándian;;;;;;;;;x
c_pest_adj;Újvárian;Újvárian;Újvárian;;Újvárian;;;;;;;;;x
c_marmaros_adj;Veszprémian;Veszprémian;Veszprémian;;Veszprémian;;;;;;;;;x
c_saris_adj;Borsodian;Borsodian;Borsodian;;Borsodian;;;;;;;;;x
c_bereg_adj;Somogyian;Somogyian;Somogyian;;Somogyian;;;;;;;;;x
c_gemer_adj;Gyõrian;Gyõrian;Gyõrian;;Gyõrian;;;;;;;;;x
c_trencin_adj;Barsian;Barsian;Barsian;;Barsian;;;;;;;;;x
#HRE;;;;;;;;;;;;;;
c_ravensberg_adj;Ravensbergische;Ravensbergische;Ravensbergische;;Ravensbergische;;;;;;;;;x
c_kuenring_adj;Küenringische;Küenringische;Küenringische;;Küenringische;;;;;;;;;x
c_comburg_adj;Comburger;Comburger;Comburger;;Comburger;;;;;;;;;x
c_chur_adj;Churische;Churische;Churische;;Churische;;;;;;;;;x
c_celje_adj;Celjen;Celjen;Celjen;;Celjen;;;;;;;;;x
c_tregor_adj;Trégorian;Trégorian;Trégorian;;Trégorian;;;;;;;;;x
c_dannenberg_adj;Dannenbergische;Dannenbergische;Dannenbergische;;Dannenbergische;;;;;;;;;x
c_katz_adj;Lauffische;Lauffische;Lauffische;;Lauffische;;;;;;;;;x
c_merseburg_adj;Merseburgische;Merseburgische;Merseburgische;;Merseburgische;;;;;;;;;x
c_goslar_adj;Goslarische;Goslarische;Goslarische;;Goslarische;;;;;;;;;x
c_ansbach_adj;Ansbachische;Ansbachische;Ansbachische;;Ansbachische;;;;;;;;;x
c_prignitz_adj;Prignitzische;Prignitzische;Prignitzische;;Prignitzische;;;;;;;;;x
c_voigtland_adj;Voigtlandische;Voigtlandische;Voigtlandische;;Voigtlandische;;;;;;;;;x
c_konigssondergau_adj;Königsondergauische;Königsondergauische;Königsondergauische;;Königsondergauische;;;;;;;;;x
c_zweibrucken_adj;Zweibrückische;Zweibrückische;Zweibrückische;;Zweibrückische;;;;;;;;;x
c_reinholdsburg_adj;Reinholdsburgische;Reinholdsburgische;Reinholdsburgische;;Reinholdsburgische;;;;;;;;;x
c_vianden_adj;Viandische;Viandische;Viandische;;Viandische;;;;;;;;;x
c_aachen_adj;Aachener;Aachener;Aachener;;Aachener;;;;;;;;;x
c_arnhem_adj;Veluweische;Veluweische;Veluweische;;Veluweische;;;;;;;;;x
c_valenciennes_adj;Valenciennes;Valenciennes;Valenciennes;;Valenciennes;;;;;;;;;x
c_cambrai_adj;Cambrai;Cambrai;Cambrai;;Cambrai;;;;;;;;;x
c_brussel_adj;Brussel;Brussel;Brussel;;Brussel;;;;;;;;;x
c_arlon_adj;Arlon;Arlon;Arlon;;Arlon;;;;;;;;;x
c_schaumburg_adj;Schaumburgische;Schaumburgische;Schaumburgische;;Schaumburgische;;;;;;;;;x
c_bar_adj;Bar;Bar;Bar;;Bar;;;;;;;;;x
c_pontamousson_adj;Pont-á-Mousson;Pont-á-Mousson;Pont-á-Mousson;;Pont-á-Mousson;;;;;;;;;x
c_eberstein_adj;Ebersteinische;Ebersteinische;Ebersteinische;;Ebersteinische;;;;;;;;;x
c_oettingen_adj;Oettigenishe;Oettigenishe;Oettigenishe;;Oettigenishe;;;;;;;;;x
c_teck_adj;Teckishe;Teckishe;Teckishe;;Teckishe;;;;;;;;;x
c_helfenstein_adj;Helfensteinische;Helfensteinische;Helfensteinische;;Helfensteinische;;;;;;;;;x
c_hohenloe_adj;Hohenloeische;Hohenloeische;Hohenloeische;;Hohenloeische;;;;;;;;;x
c_hohenzollern_adj;Zollernishe;Zollernishe;Zollernishe;;Zollernishe;;;;;;;;;x
c_leuchenberg_adj;Leuchenbergische;Leuchenbergische;Leuchenbergische;;Leuchenbergische;;;;;;;;;x
c_rustringen_adj;Rüstringer;Rüstringer;Rüstringer;;Rüstringer;;;;;;;;;x
c_magdeburg_adj;Magdeburgische;Magdeburgische;Magdeburgische;;Magdeburgische;;;;;;;;;x
c_blankenheim_adj;Blankenheimische;Blankenheimische;Blankenheimische;;Blankenheimische;;;;;;;;;x
c_wittenberg_adj;Wittenbergische;Wittenbergische;Wittenbergische;;Wittenbergische;;;;;;;;;x
c_brehna_adj;Brehnaische;Brehnaische;Brehnaische;;Brehnaische;;;;;;;;;x
c_schwartzburg_adj;Schwartzburgische;Schwartzburgische;Schwartzburgische;;Schwartzburgische;;;;;;;;;x
c_tecklenburg_adj;Tecklenburgische;Tecklenburgische;Tecklenburgische;;Tecklenburgische;;;;;;;;;x
c_lauenburg_adj;Lauenburgische;Lauenburgische;Lauenburgische;;Lauenburgische;;;;;;;;;x
c_hildesheim_adj;Hildesheimische;Hildesheimische;Hildesheimische;;Hildesheimische;;;;;;;;;x
c_regensburg_adj;Regensburgische;Regensburgische;Regensburgische;;Regensburgische;;;;;;;;;x
c_gorz_adj;Görzische;Görzische;Görzische;;Görzische;;;;;;;;;x
c_lausitz_adj;Oberlausitzische;Oberlausitzische;Oberlausitzische;;Oberlausitzische;;;;;;;;;x
c_sponheim_adj;Sponheimische;Sponheimische;Sponheimische;;Sponheimische;;;;;;;;;x
c_westerburg_adj;Bergische;Bergische;Bergische;;Bergische;;;;;;;;;x
c_niederlausitz_adj;Niederlausitzische;Niederlausitzische;Niederlausitzische;;Niederlausitzische;;;;;;;;;x
c_nordalbingen_adj;Dithmarchische;Dithmarchische;Dithmarchische;;Dithmarchische;;;;;;;;;x
c_wargrien_adj;Wargrian;Wargrian;Wargrian;;Wargrian;;;;;;;;;x
c_henneberg_adj;Hennebergische;Hennebergische;Hennebergische;;Hennebergische;;;;;;;;;x
c_saarbrucken_adj;Saarbrückische;Saarbrückische;Saarbrückische;;Saarbrückische;;;;;;;;;x
c_schwerin_adj;Schwerinische;Schwerinische;Schwerinische;;Schwerinische;;;;;;;;;x
c_frankfurt_adj;Hanuaische;Hanuaische;Hanuaische;;Hanuaische;;;;;;;;;x
c_bentheim_adj;Bentheimer;Bentheimer;Bentheimer;;Bentheimer;;;;;;;;;x
c_zeitz_adj;Zeitzische;Zeitzische;Zeitzische;;Zeitzische;;;;;;;;;x
c_augsburg_adj;Augsburgische;Augsburgische;Augsburgische;;Augsburgische;;;;;;;;;x
#Burgundy;;;;;;;;;;;;;;
c_cheese_adj;Grüyereische;Grüyereische;Grüyereische;;Grüyereische;;;;;;;;;x
c_basel_adj;Baselische;Baselische;Baselische;;Baselische;;;;;;;;;x
c_montbeliard_adj;Montbéliard;Montbéliard;Montbéliard;;Montbéliard;;;;;;;;;x
c_bugey_adj;Bresse;Bresse;Bresse;;Bresse;;;;;;;;;x
c_chablais_adj;Chablis;Chablis;Chablis;;Chablis;;;;;;;;;x
c_portois_adj;Portois;Portois;Portois;;Portois;;;;;;;;;x
c_arles_adj;Arles;Arles;Arles;;Arles;;;;;;;;;x
c_graisivaudan_adj;Graisivaudan;Graisivaudan;Graisivaudan;;Graisivaudan;;;;;;;;;x
c_gapencais_adj;Gapençais;Gapençais;Gapençais;;Gapençais;;;;;;;;;x
c_forcalquier_adj;Haute Provence;Haute Provence;Haute Provence;;Haute Provence;;;;;;;;;x
c_namur_adj;Namurische;Namurische;Namurische;;Namurische;;;;;;;;;x
c_limburg_adj;Limburgische;Limburgische;Limburgische;;Limburgische;;;;;;;;;x
c_stavelot_adj;Zutphenische;Zutphenische;Zutphenische;;Zutphenische;;;;;;;;;x
c_oversticht_adj;Overstichtische;Overstichtische;Overstichtische;;Overstichtische;;;;;;;;;x
c_laroche_adj;La Rochian;La Rochian;La Rochian;;La Rochian;;;;;;;;;x
c_chiny_adj;Cinean;Cinean;Cinean;;Cinean;;;;;;;;;x
c_amous_adj;Amous;Amous;Amous;;Amous;;;;;;;;;x
c_aosta_adj;Aosta;Aosta;Aosta;;Aosta;;;;;;;;;x
#Poland;;;;;;;;;;;;;;
c_brodno_adj;Brodnoski;Brodnoski;Brodnoski;;Brodnoski;;;;;;;;;x
c_lodz_adj;Leczyca;Leczyca;Leczyca;;Leczyca;;;;;;;;;x
c_legnica_adj;Legnica;Legnica;Legnica;;Legnica;;;;;;;;;x
c_pultusk_adj;Pultusk;Pultusk;Pultusk;;Pultusk;;;;;;;;;x
#Denmark;;;;;;;;;;;;;;
c_hardsyssel_adj;Harsýslr;Harsýslr;Harsýslr;;Harsýslr;;;;;;;;;x
c_vestervig_adj;Vestervíkr;Vestervíkr;Vestervíkr;;Vestervíkr;;;;;;;;;x
c_jylland_adj;Ábúsýslr;Ábúsýslr;Ábúsýslr;;Ábúsýslr;;;;;;;;;x
c_sonderjylland_adj;Sillendr;Sillendr;Sillendr;;Sillendr;;;;;;;;;x
c_lolland_adj;Lalandr;Lalandr;Lalandr;;Lalandr;;;;;;;;;x
c_vestsjaelland_adj; Syälandr; Syälandr; Syälandr;; Syälandr;;;;;;;;;x
c_ostskane_adj;Östær Skaannskr;Östær Skaannskr;Östær Skaannskr;;Östær Skaannskr;;;;;;;;;x
c_nordfriisland_adj;Nordfrysk;Nordfrysk;Nordfrysk;;Nordfrysk;;;;;;;;;x
#Georgia and Armenia;;;;;;;;;;;;;;x
c_lori_adj;Lorian;Lorian;Lorian;;Lorian;;;;;;;;;x
c_odishi_adj;Odishian;Odishian;Odishian;;Odishian;;;;;;;;;x
c_hereti_adj;Heretian;Heretian;Heretian;;Heretian;;;;;;;;;x
c_baghk_adj;Baghkian;Baghkian;Baghkian;;Baghkian;;;;;;;;;x
c_utik_adj;Utikian;Utikian;Utikian;;Utikian;;;;;;;;;x
c_artsakh_adj;Artsakhian;Artsakhian;Artsakhian;;Artsakhian;;;;;;;;;x
c_jiqeti_adj;Jiqetian;Jiqetian;Jiqetian;;Jiqetian;;;;;;;;;x
c_klarjeti_adj;Klarjetian;Klarjetian;Klarjetian;;Klarjetian;;;;;;;;;x
c_vanand_adj;Vanandian;Vanandian;Vanandian;;Vanandian;;;;;;;;;x
c_simsir_adj;Simsirian;Simsirian;Simsirian;;Simsirian;;;;;;;;;x
c_tusheti_adj;Tushetian;Tushetian;Tushetian;;Tushetian;;;;;;;;;x
c_racha_adj;Rachaian;Rachaian;Rachaian;;Rachaian;;;;;;;;;x
c_arran_adj;Arranian;Arranian;Arranian;;Arranian;;;;;;;;;x
c_corduene_adj;Cordueneian;Cordueneian;Cordueneian;;Cordueneian;;;;;;;;;x
c_persarmenia_adj;Persarmeniaian;Persarmeniaian;Persarmeniaian;;Persarmeniaian;;;;;;;;;x
c_goghtn_adj;Goghtnian;Goghtnian;Goghtnian;;Goghtnian;;;;;;;;;x
c_sarir_adj;Saririan;Saririan;Saririan;;Saririan;;;;;;;;;x
c_dzopk_adj;Dzopkian;Dzopkian;Dzopkian;;Dzopkian;;;;;;;;;x
#Norway;;;;;;;;;;;;;;
c_gudbrandzdalar_adj;Dœlaskr;Dœlaskr;Dœlaskr;;Dœlaskr;;;;;;;;;x
c_raumrike_adj;Raumríkír;Raumríkír;Raumríkír;;Raumríkír;;;;;;;;;x
c_southisland_adj;Suðurlandr;Suðurlandr;Suðurlandr;;Suðurlandr;;;;;;;;;x
c_nordisland_adj;Norðurlandr;Norðurlandr;Norðurlandr;;Norðurlandr;;;;;;;;;x
c_sunmore_adj;Sunmœrir;Sunmœrir;Sunmœrir;;Sunmœrir;;;;;;;;;x
#Sweden;;;;;;;;;;;;;;
c_finnveden_adj;Finnvedenr;Finnvedenr;Finnvedenr;;Finnvedenr;;;;;;;;;x
c_attundaland_adj;Attundalandr;Attundalandr;Attundalandr;;Attundalandr;;;;;;;;;x
c_fjadrundaland_adj;Fjädrundalandr;Fjädrundalandr;Fjädrundalandr;;Fjädrundalandr;;;;;;;;;x
c_skara_adj;Skarar;Skarar;Skarar;;Skarar;;;;;;;;;x
c_more_adj;Mörer;Mörer;Mörer;;Mörer;;;;;;;;;x
c_tjust_adj;Värendr;Värendr;Värendr;;Värendr;;;;;;;;;x
#Cyprus;;;;;;;;;;;;;;
c_nicosia_adj;Nicosian;Nicosian;Nicosian;;Nicosian;;;;;;;;;x
c_paphos_adj;Paphosian;Paphosian;Paphosian;;Paphosian;;;;;;;;;x
#Italy;;;;;;;;;;;;;;
c_terradicomune_adj;Corsu;Corsu;Corsu;;Corsu;;;;;;;;;x
c_corse_adj;Corsu;Corsu;Corsu;;Corsu;;;;;;;;;x
c_gallura_adj;Galluranese;Galluranese;Galluranese;;Galluranese;;;;;;;;;x
c_logudoro_adj;Logudoronese;Logudoronese;Logudoronese;;Logudoronese;;;;;;;;;x
c_modica_adj;Muòricanese;Muòricanese;Muòricanese;;Muòricanese;;;;;;;;;x
c_enna_adj;Castru Janianese;Castru Janianese;Castru Janianese;;Castru Janianese;;;;;;;;;x
c_catanzaro_adj;Catanzarinese;Catanzarinese;Catanzarinese;;Catanzarinese;;;;;;;;;x
c_gravina_adj;Gravinianese;Gravinianese;Gravinianese;;Gravinianese;;;;;;;;;x
c_conservano_adj;Conservanese;Conservanese;Conservanese;;Conservanese;;;;;;;;;x
c_larino_adj;Larinese;Larinese;Larinese;;Larinese;;;;;;;;;x
c_marsico_adj;Marsiconese;Marsiconese;Marsiconese;;Marsiconese;;;;;;;;;x
c_chieti_adj;Chietianese;Chietianese;Chietianese;;Chietianese;;;;;;;;;x
c_aversa_adj;Aversaianese;Aversaianese;Aversaianese;;Aversaianese;;;;;;;;;x
c_molise_adj;Molisianese;Molisianese;Molisianese;;Molisianese;;;;;;;;;x
c_gaeta_adj;Gaetanese;Gaetanese;Gaetanese;;Gaetanese;;;;;;;;;x
c_alife_adj;Alifianese;Alifianese;Alifianese;;Alifianese;;;;;;;;;x
c_manopello_adj;Manopellianese;Manopellianese;Manopellianese;;Manopellianese;;;;;;;;;x
c_alvito_adj;Alvitoanese;Alvitoanese;Alvitoanese;;Alvitoanese;;;;;;;;;x
c_arezzo_adj;Arezzianese;Arezzianese;Arezzianese;;Arezzianese;;;;;;;;;x
c_fermo_adj;Fermianese;Fermianese;Fermianese;;Fermianese;;;;;;;;;x
c_camerino_adj;Camerinianese;Camerinianese;Camerinianese;;Camerinianese;;;;;;;;;x
c_nerola_adj;Nerolianese;Nerolianese;Nerolianese;;Nerolianese;;;;;;;;;x
c_tusculum_adj;Tusculumianese;Tusculumianese;Tusculumianese;;Tusculumianese;;;;;;;;;x
c_malaspina_adj;Malaspinainese;Malaspinainese;Malaspinainese;;Malaspinainese;;;;;;;;;x
c_montefeltro_adj;Montefeltrianses;Montefeltrianses;Montefeltrianses;;Montefeltrianses;;;;;;;;;x
c_frignano_adj;Frignanianse;Frignanianse;Frignanianse;;Frignanianse;;;;;;;;;x
c_forli_adj;Forlianese;Forlianese;Forlianese;;Forlianese;;;;;;;;;x
c_piacenza_adj;Piacenzianese;Piacenzianese;Piacenzianese;;Piacenzianese;;;;;;;;;x
c_bergamo_adj;Bergamianese;Bergamianese;Bergamianese;;Bergamianese;;;;;;;;;x
c_viterbo_adj;Viterboianese;Viterboianese;Viterboianese;;Viterboianese;;;;;;;;;x
c_finale_adj;Finalianses;Finalianses;Finalianses;;Finalianses;;;;;;;;;x
c_ivrea_adj;Ivreianese;Ivreianese;Ivreianese;;Ivreianese;;;;;;;;;x
c_bassano_adj;Bassanoanese;Bassanoanese;Bassanoanese;;Bassanoanese;;;;;;;;;x
c_celano_adj;Celanianese;Celanianese;Celanianese;;Celanianese;;;;;;;;;x
c_rimini_adj;Riminiani;Riminiani;Riminiani;;Riminiani;;;;;;;;;x
c_guidi_adj;Guidianese;Guidianese;Guidianese;;Guidianese;;;;;;;;;x
c_volterra_adj;Volterranese;Volterranese;Volterranese;;Volterranese;;;;;;;;;x
c_novellara_adj;Novellaranese;Novellaranese;Novellaranese;;Novellaranese;;;;;;;;;x
c_bobbio_adj;Bobbianese;Bobbianese;Bobbianese;;Bobbianese;;;;;;;;;x
c_ventimiglia_adj;Ventigmiliani;Ventigmiliani;Ventigmiliani;;Ventigmiliani;;;;;;;;;x
c_como_adj;Comoianese;Comoianese;Comoianese;;Comoianese;;;;;;;;;x
c_rovigo_adj;Rovigianese;Rovigianese;Rovigianese;;Rovigianese;;;;;;;;;x
c_perugia_adj;Perugianese;Perugianese;Perugianese;;Perugianese;;;;;;;;;x
c_sanmarino_adj;San Marinoese;San Marinoese;San Marinoese;;San Marinoese;;;;;;;;;x
c_reggionellemilia_adj;Emilliani;Emilliani;Emilliani;;Emilliani;;;;;;;;;x
c_savona_adj;Savonianese;Savonianese;Savonianese;;Savonianese;;;;;;;;;x
c_trieste_adj;Triesteni;Triesteni;Triesteni;;Triesteni;;;;;;;;;x
c_friuli_adj;Friulianese;Friulianese;Friulianese;;Friulianese;;;;;;;;;x
c_sangermano_adj;Aquinoni;Aquinoni;Aquinoni;;Aquinoni;;;;;;;;;x
c_amalfi_adj;Amalfinese;Amalfinese;Amalfinese;;Amalfinese;;;;;;;;;x
c_troia_adj;Troianese;Troianese;Troianese;;Troianese;;;;;;;;;x
c_novara_adj;Novaran;Novaran;Novaran;;Novaran;;;;;;;;;x
#Moldovia;;;;;;;;;;;;;;
c_bacau_adj;Bacauian;Bacauian;Bacauian;;Bacauian;;;;;;;;;x
c_iasi_adj;Iasian;Iasian;Iasian;;Iasian;;;;;;;;;x
c_targujiu_adj;Targu Jiuan;Targu Jiuan;Targu Jiuan;;Targu Jiuan;;;;;;;;;x
c_buzau_adj;Buzauan;Buzauan;Buzauan;;Buzauan;;;;;;;;;x
#France;;;;;;;;;;;;;;
c_nimes_adj;Nimes;Nimes;Nimes;;Nimes;;;;;;;;;x
c_milau_adj;Milau;Milau;Milau;;Milau;;;;;;;;;x
c_carlades_adj;Carladés;Carladés;Carladés;;Carladés;;;;;;;;;x
c_valentinois_adj;Valentinois;Valentinois;Valentinois;;Valentinois;;;;;;;;;x
c_marsan_adj;Marsan;Marsan;Marsan;;Marsan;;;;;;;;;x
c_auxois_adj;Auxois;Auxois;Auxois;;Auxois;;;;;;;;;x
c_albi_adj;Albi;Albi;Albi;;Albi;;;;;;;;;x
c_beziers_adj;Besièrs;Besièrs;Besièrs;;Besièrs;;;;;;;;;x
c_beauvais_adj;Beauvais;Beauvais;Beauvais;;Beauvais;;;;;;;;;x
c_rethel_adj;Réthel;Réthel;Réthel;;Réthel;;;;;;;;;x
c_sancerre_adj;Sancerre;Sancerre;Sancerre;;Sancerre;;;;;;;;;x
c_archreims_adj;Reims;Reims;Reims;;Reims;;;;;;;;;x
c_bourges_adj;Bourges;Bourges;Bourges;;Bourges;;;;;;;;;x
c_champagne_adj;Troyes;Troyes;Troyes;;Troyes;;;;;;;;;x
c_tonnerre_adj;Tonnerre;Tonnerre;Tonnerre;;Tonnerre;;;;;;;;;x
c_langres_adj;Langres;Langres;Langres;;Langres;;;;;;;;;x
c_brie_adj;Brie;Brie;Brie;;Brie;;;;;;;;;x
c_perche_adj;Perche;Perche;Perche;;Perche;;;;;;;;;x
c_velay_adj;Velai;Velai;Velai;;Velai;;;;;;;;;x
c_comminges_adj;Comenge;Comenge;Comenge;;Comenge;;;;;;;;;x
c_turenne_adj;Ventadorn;Ventadorn;Ventadorn;;Ventadorn;;;;;;;;;x
c_murat_adj;Muratain;Muratain;Muratain;;Muratain;;;;;;;;;x
c_ponthneiu_adj;Ponthneiuan;Ponthneiuan;Ponthneiuan;;Ponthneiuan;;;;;;;;;x
c_alencon_adj;Alenconan;Alenconan;Alenconan;;Alenconan;;;;;;;;;x
c_bayeux_adj;Bayeuxan;Bayeuxan;Bayeuxan;;Bayeuxan;;;;;;;;;x
c_coustance_adj;Coustancean;Coustancean;Coustancean;;Coustancean;;;;;;;;;x
c_dreux_adj;Dreuxan;Dreuxan;Dreuxan;;Dreuxan;;;;;;;;;x
c_porhet_adj;Porhëtian;Porhëtian;Porhëtian;;Porhëtian;;;;;;;;;x
c_valois_adj;Valoisan;Valoisan;Valoisan;;Valoisan;;;;;;;;;x
c_southvexin_adj;Sud Vexian;Sud Vexian;Sud Vexian;;Sud Vexian;;;;;;;;;x
c_tournai_adj;Tournaian;Tournaian;Tournaian;;Tournaian;;;;;;;;;x
c_lille_adj;Lillian;Lillian;Lillian;;Lillian;;;;;;;;;x
c_saintpol_adj;Saint- Polan;Saint- Polan;Saint- Polan;;Saint- Polan;;;;;;;;;x
c_dauphinedeauvergne_adj;Auvèrnhe;Auvèrnhe;Auvèrnhe;;Auvèrnhe;;;;;;;;;x
c_gatinas_adj;Gâtinais;Gâtinais;Gâtinais;;Gâtinais;;;;;;;;;x
c_couserans_adj;Couserans;Couserans;Couserans;;Couserans;;;;;;;;;x
c_porcien_adj;Porcien;Porcien;Porcien;;Porcien;;;;;;;;;x
c_vertus_adj;Vertus;Vertus;Vertus;;Vertus;;;;;;;;;x
c_chateaudun_adj;Chateaudun;Chateaudun;Chateaudun;;Chateaudun;;;;;;;;;x
c_bigorre_adj;Bigorre;Bigorre;Bigorre;;Bigorre;;;;;;;;;x
c_quercy_adj;Quercy;Quercy;Quercy;;Quercy;;;;;;;;;x
c_aunis_adj;Aunis;Aunis;Aunis;;Aunis;;;;;;;;;x
c_laval_adj;Laval;Laval;Laval;;Laval;;;;;;;;;x
c_dauphine_viennois_adj;Viennois;Viennois;Viennois;;Viennois;;;;;;;;;x
c_bourbon_adj;Bourbon;Bourbon;Bourbon;;Bourbon;;;;;;;;;x
c_ponthieu_adj;Ponthieu;Ponthieu;Ponthieu;;Ponthieu;;;;;;;;;x
c_artois_adj;Artois;Artois;Artois;;Artois;;;;;;;;;x
c_porhoet_adj;Porhoët;Porhoët;Porhoët;;Porhoët;;;;;;;;;x
c_ventadour_adj;Ventadour;Ventadour;Ventadour;;Ventadour;;;;;;;;;x
#Brittain;;;;;;;;;;;;;;
c_anglesey_adj;Ynys Mônian;Ynys Mônian;Ynys Mônian;;Ynys Mônian;;;;;;;;;x
c_ely_adj;Elyian;Elyian;Elyian;;Elyian;;;;;;;;;x
c_mide_adj;Meathian;Meathian;Meathian;;Meathian;;;;;;;;;x
c_roscommon_adj;Roscommonian;Roscommonian;Roscommonian;;Roscommonian;;;;;;;;;x
c_trim_adj;Trimian;Trimian;Trimian;;Trimian;;;;;;;;;x
c_maelienydd_adj;Maelienaidd;Maelienaidd;Maelienaidd;;Maelienaidd;;;;;;;;;x
c_powys_fadog_adj;Maeloran;Maeloran;Maeloran;;Maeloran;;;;;;;;;x
c_powys_wenwynwyn_adj;Cyfeilish;Cyfeilish;Cyfeilish;;Cyfeilish;;;;;;;;;x
c_glamorgan_adj;Glywysinger;Glywysinger;Glywysinger;;Glywysinger;;;;;;;;;x
c_brycheiniog_adj;Brycheinish;Brycheinish;Brycheinish;;Brycheinish;;;;;;;;;x
c_ystrad_tywi_adj;Tywish;Tywish;Tywish;;Tywish;;;;;;;;;x
c_ceredigion_adj;Ceredigish;Ceredigish;Ceredigish;;Ceredigish;;;;;;;;;x
c_meirionnydd_adj;Meirionnaidd;Meirionnaidd;Meirionnaidd;;Meirionnaidd;;;;;;;;;x
c_isle_of_man_adj;Manx;Manx;Manx;;Manx;;;;;;;;;x
c_essex_adj;East Saxon;East Saxon;East Saxon;;East Saxon;;;;;;;;;x
c_westderby_adj;Mersian;Mersian;Mersian;;Mersian;;;;;;;;;x
c_bucks_adj;Buccasfolk;Buccasfolk;Buccasfolk;;Buccasfolk;;;;;;;;;x
c_berks_adj;Bearrocsfolk;Bearrocsfolk;Bearrocsfolk;;Bearrocsfolk;;;;;;;;;x
#ERE;;;;;;;;;;;;;;
c_polybotos_adj;Polybotosian;Polybotosian;Polybotosian;;Polybotosian;;;;;;;;;x
c_mosynopolis_adj;Mosynopolisian;Mosynopolisian;Mosynopolisian;;Mosynopolisian;;;;;;;;;x
c_amasia_adj;Amasiaian;Amasiaian;Amasiaian;;Amasiaian;;;;;;;;;x
c_philadelphia_adj;Philadelphian;Philadelphian;Philadelphian;;Philadelphian;;;;;;;;;x
c_dorostotum_adj;Boruyian;Boruyian;Boruyian;;Boruyian;;;;;;;;;x
c_hellas_adj;Naupaktosian;Naupaktosian;Naupaktosian;;Naupaktosian;;;;;;;;;x
#Holyland;;;;;;;;;;;;;;
c_saone_adj;Saônan;Saônan;Saônan;;Saônan;;;;;;;;;x
c_hazart_adj;Hazartian;Hazartian;Hazartian;;Hazartian;;;;;;;;;x
c_atair_adj;Maysafan;Maysafan;Maysafan;;Maysafan;;;;;;;;;x
c_sis_adj;Sisian;Sisian;Sisian;;Sisian;;;;;;;;;x
c_anamur_adj;Anamurian;Anamurian;Anamurian;;Anamurian;;;;;;;;;x
c_lamas_adj;Lamasan;Lamasan;Lamasan;;Lamasan;;;;;;;;;x
c_harran_adj;Harranan;Harranan;Harranan;;Harranan;;;;;;;;;x
c_manbij_adj;Manbijan;Manbijan;Manbijan;;Manbijan;;;;;;;;;x
c_kerakdeschevaliers_adj;Monferrandish;Monferrandish;Monferrandish;;Monferrandish;;;;;;;;;x
c_kafrtab_adj;Kafr-Taban;Kafr-Taban;Kafr-Taban;;Kafr-Taban;;;;;;;;;x
c_salamiyah_adj;Salamiyahan;Salamiyahan;Salamiyahan;;Salamiyahan;;;;;;;;;x
c_gibelet_adj;Gibletian;Gibletian;Gibletian;;Gibletian;;;;;;;;;x
c_sebastia_adj;Sebastian;Sebastian;Sebastian;;Sebastian;;;;;;;;;x
c_mardin_adj;Mardinian;Mardinian;Mardinian;;Mardinian;;;;;;;;;x
c_kaisun_adj;Kaisunuan;Kaisunuan;Kaisunuan;;Kaisunuan;;;;;;;;;x
c_sidon_adj;Sidonian;Sidonian;Sidonian;;Sidonian;;;;;;;;;x
c_caesarea_adj;Caesarean;Caesarean;Caesarean;;Caesarean;;;;;;;;;x
c_nazareth_adj;Nazarethan;Nazarethan;Nazarethan;;Nazarethan;;;;;;;;;x
c_bethsan_adj;Bethsanan;Bethsanan;Bethsanan;;Bethsanan;;;;;;;;;x
c_ibelin_adj;Orlando Bloom!!;Orlando Bloom!!;Orlando Bloom!!;;Orlando Bloom!!;;;;;;;;;x
#Spain;;;;;;;;;;;;;;
c_pontevedra_adj;Pontevedresa;Pontevedresa;Pontevedresa;;Pontevedresa;;;;;;;;;x
c_eivissa_adj;Ibicenca;Ibicenca;Ibicenca;;Ibicenca;;;;;;;;;x
c_lugo_adj;Lucense;Lucense;Lucense;;Lucense;;;;;;;;;x
c_lemos_adj;Monfortina;Monfortina;Monfortina;;Monfortina;;;;;;;;;x
c_jaen_adj;Jienense;Jienense;Jienense;;Jienense;;;;;;;;;x
c_toro_adj;Toresana;Toresana;Toresana;;Toresana;;;;;;;;;x
c_ciudad_rodrigo_adj;Mirobriguense;Mirobriguense;Mirobriguense;;Mirobriguense;;;;;;;;;x
c_thomar_adj;Nabantina;Nabantina;Nabantina;;Nabantina;;;;;;;;;x
c_palencia_adj;Palentina;Palentina;Palentina;;Palentina;;;;;;;;;x
c_medina_del_campo_adj;Medinense;Medinense;Medinense;;Medinense;;;;;;;;;x
c_avila_adj;Abulense;Abulense;Abulense;;Abulense;;;;;;;;;x
c_segovia_adj;Segoviana;Segoviana;Segoviana;;Segoviana;;;;;;;;;x
c_setubal_adj;Setubalense;Setubalense;Setubalense;;Setubalense;;;;;;;;;x
c_guadalajara_adj;Guadalajareña;Guadalajareña;Guadalajareña;;Guadalajareña;;;;;;;;;x
c_alava_adj;Alavesa;Alavesa;Alavesa;;Alavesa;;;;;;;;;x
c_guipuzcoa_adj;guipuzcoano;guipuzcoano;guipuzcoano;;guipuzcoano;;;;;;;;;x
c_tudela_adj;Tudelana;Tudelana;Tudelana;;Tudelana;;;;;;;;;x
c_sobrarbe_adj;Sobrarbense;Sobrarbense;Sobrarbense;;Sobrarbense;;;;;;;;;x
c_ribagorza_adj;Ribagorzana;Ribagorzana;Ribagorzana;;Ribagorzana;;;;;;;;;x
c_huesca_adj;Oscense;Oscense;Oscense;;Oscense;;;;;;;;;x
c_teruel_adj;Turolense;Turolense;Turolense;;Turolense;;;;;;;;;x
c_caspe_adj;Caspolina;Caspolina;Caspolina;;Caspolina;;;;;;;;;x
c_girona_adj;Gerundense;Gerundense;Gerundense;;Gerundense;;;;;;;;;x
c_beja_adj;Bejense;Bejense;Bejense;;Bejense;;;;;;;;;x
c_braga_adj;Bracarense;Bracarense;Bracarense;;Bracarense;;;;;;;;;x
c_viseu_adj;Viseense;Viseense;Viseense;;Viseense;;;;;;;;;x
c_trancoso_adj;Trancosense;Trancosense;Trancosense;;Trancosense;;;;;;;;;x
c_leiria_adj;Leiriense;Leiriense;Leiriense;;Leiriense;;;;;;;;;x
c_alcaraz_adj;Alcaraceña;Alcaraceña;Alcaraceña;;Alcaraceña;;;;;;;;;x
c_logrono_adj;Logroñesa;Logroñesa;Logroñesa;;Logroñesa;;;;;;;;;x
#Rhos;;;;;;;;;;;;;;
c_roslavl_adj;Roslavlskiy;Roslavlskiy;Roslavlskiy;;Roslavlskiy;;;;;;;;;x
c_novgorod_adj;Novgorodskiy;Novgorodskiy;Novgorodskiy;;Novgorodskiy;;;;;;;;;x
c_porkhov_adj;Porhovskiy;Porhovskiy;Porhovskiy;;Porhovskiy;;;;;;;;;x
c_torzhok_adj;Torzhokskiy;Torzhokskiy;Torzhokskiy;;Torzhokskiy;;;;;;;;;x
c_ustyuzhna_adj;Ustyug-Zheleznyskiy;Ustyug-Zheleznyskiy;Ustyug-Zheleznyskiy;;Ustyug-Zheleznyskiy;;;;;;;;;x
c_bezhetsky_verh_adj;Ladogaskiy;Ladogaskiy;Ladogaskiy;;Ladogaskiy;;;;;;;;;x
c_zaozerye_adj;Olonecskiy;Olonecskiy;Olonecskiy;;Olonecskiy;;;;;;;;;x
c_pskov_adj;Pskovskiy;Pskovskiy;Pskovskiy;;Pskovskiy;;;;;;;;;x
c_russa_adj;Rusaskiy;Rusaskiy;Rusaskiy;;Rusaskiy;;;;;;;;;x
c_luki_adj;Lukiskiy;Lukiskiy;Lukiskiy;;Lukiskiy;;;;;;;;;x
c_beloozero_adj;Beloozeroskiy;Beloozeroskiy;Beloozeroskiy;;Beloozeroskiy;;;;;;;;;x
c_mologa_adj;Mologaskiy;Mologaskiy;Mologaskiy;;Mologaskiy;;;;;;;;;x
c_vologda_adj;Vologdaskiy;Vologdaskiy;Vologdaskiy;;Vologdaskiy;;;;;;;;;x
c_chud_adj;Shenkurskskiy;Shenkurskskiy;Shenkurskskiy;;Shenkurskskiy;;;;;;;;;x
c_romny_adj;Kargopolskiy;Kargopolskiy;Kargopolskiy;;Kargopolskiy;;;;;;;;;x
c_onega_adj;Onegskiy;Onegskiy;Onegskiy;;Onegskiy;;;;;;;;;x
c_bjarmia_adj;Kolmogoryskiy;Kolmogoryskiy;Kolmogoryskiy;;Kolmogoryskiy;;;;;;;;;x
c_north_dvina_adj;Orlecskiy;Orlecskiy;Orlecskiy;;Orlecskiy;;;;;;;;;x
c_trans-portage_adj;Pomoryeskiy;Pomoryeskiy;Pomoryeskiy;;Pomoryeskiy;;;;;;;;;x
c_tver_adj;Tverskiy;Tverskiy;Tverskiy;;Tverskiy;;;;;;;;;x
c_uglich _adj;Uglichskiy;Uglichskiy;Uglichskiy;;Uglichskiy;;;;;;;;;x
c_volokolamsk_adj;Volok Lamskij;Volok Lamskij;Volok Lamskij;;Volok Lamskij;;;;;;;;;x
c_rostov_adj;Rostovskiy;Rostovskiy;Rostovskiy;;Rostovskiy;;;;;;;;;x
c_yaroslavl_adj;Yaroslavlskiy;Yaroslavlskiy;Yaroslavlskiy;;Yaroslavlskiy;;;;;;;;;x
c_kostroma_adj;Kostromaskiy;Kostromaskiy;Kostromaskiy;;Kostromaskiy;;;;;;;;;x
c_suzdal_adj;Suzdalskiy;Suzdalskiy;Suzdalskiy;;Suzdalskiy;;;;;;;;;x
c_vladimir_adj;Vladimirskiy;Vladimirskiy;Vladimirskiy;;Vladimirskiy;;;;;;;;;x
c_pereyaslavl_zalessky_adj;Zalesyeskiy;Zalesyeskiy;Zalesyeskiy;;Zalesyeskiy;;;;;;;;;x
c_veliky_ustug_adj;Veliky Ustugskiy;Veliky Ustugskiy;Veliky Ustugskiy;;Veliky Ustugskiy;;;;;;;;;x
c_galich_mersky_adj;Galich Merskiy;Galich Merskiy;Galich Merskiy;;Galich Merskiy;;;;;;;;;x
c_nizhny_novgorod_adj;Nizhny Novgorodskiy;Nizhny Novgorodskiy;Nizhny Novgorodskiy;;Nizhny Novgorodskiy;;;;;;;;;x
c_gorodez_adj;Radilovskiy;Radilovskiy;Radilovskiy;;Radilovskiy;;;;;;;;;x
c_ryazans_adj;Rjanzskiy;Rjanzskiy;Rjanzskiy;;Rjanzskiy;;;;;;;;;x
c_kolomna_adj;Kolomnaskiy;Kolomnaskiy;Kolomnaskiy;;Kolomnaskiy;;;;;;;;;x
c_pronsk_adj;Pronskskiy;Pronskskiy;Pronskskiy;;Pronskskiy;;;;;;;;;x
c_murom_adj;Muronskiy;Muronskiy;Muronskiy;;Muronskiy;;;;;;;;;x
c_kadom_adj;Kadomskiy;Kadomskiy;Kadomskiy;;Kadomskiy;;;;;;;;;x
c_kozelsk_adj;Kezel'skiy;Kezel'skiy;Kezel'skiy;;Kezel'skiy;;;;;;;;;x
c_novosil_adj;Novosilskiy;Novosilskiy;Novosilskiy;;Novosilskiy;;;;;;;;;x
c_tarusa_adj;Tarusaskiy;Tarusaskiy;Tarusaskiy;;Tarusaskiy;;;;;;;;;x
c_vorotynsk_adj;Vorotynskskiy;Vorotynskskiy;Vorotynskskiy;;Vorotynskskiy;;;;;;;;;x
c_karachev_adj;Karachevskiy;Karachevskiy;Karachevskiy;;Karachevskiy;;;;;;;;;x
c_obolensk_adj;Obolenskskiy;Obolenskskiy;Obolenskskiy;;Obolenskskiy;;;;;;;;;x
c_moskva_adj;Moskvaskiy;Moskvaskiy;Moskvaskiy;;Moskvaskiy;;;;;;;;;x
c_mozhaysk_adj;Mozajskskiy;Mozajskskiy;Mozajskskiy;;Mozajskskiy;;;;;;;;;x
c_polotsk_adj;Polotskskiy;Polotskskiy;Polotskskiy;;Polotskskiy;;;;;;;;;x
c_utena_adj;Nalshiaskiy;Nalshiaskiy;Nalshiaskiy;;Nalshiaskiy;;;;;;;;;x
c_braslaw_adj;Braslawskiy;Braslawskiy;Braslawskiy;;Braslawskiy;;;;;;;;;x
c_vitbesk_adj;Vitbeskskiy;Vitbeskskiy;Vitbeskskiy;;Vitbeskskiy;;;;;;;;;x
c_minsk_adj;Minskskiy;Minskskiy;Minskskiy;;Minskskiy;;;;;;;;;x
c_druck_adj;Druckskiy;Druckskiy;Druckskiy;;Druckskiy;;;;;;;;;x
c_kiev_adj;Kievskiy;Kievskiy;Kievskiy;;Kievskiy;;;;;;;;;x
c_zhytomyr_adj;Zhytomyskiyr;Zhytomyskiyr;Zhytomyskiyr;;Zhytomyskiyr;;;;;;;;;x
c_korsun_adj;Korsunskiy;Korsunskiy;Korsunskiy;;Korsunskiy;;;;;;;;;x
c_iskorosten_adj;Ovruchskiy;Ovruchskiy;Ovruchskiy;;Ovruchskiy;;;;;;;;;x
c_pereyaslavl_adj;Perejaslavlskiy;Perejaslavlskiy;Perejaslavlskiy;;Perejaslavlskiy;;;;;;;;;x
c_romny_ukraine_adj;Romenskiy;Romenskiy;Romenskiy;;Romenskiy;;;;;;;;;x
c_lubny_adj;Lubnoskiy;Lubnoskiy;Lubnoskiy;;Lubnoskiy;;;;;;;;;x
c_smolensk_adj;Smolenskskiy;Smolenskskiy;Smolenskskiy;;Smolenskskiy;;;;;;;;;x
c_mstislavl_adj;Mstislavlskiy;Mstislavlskiy;Mstislavlskiy;;Mstislavlskiy;;;;;;;;;x
c_rostislavl_adj;Rostislavlskiy;Rostislavlskiy;Rostislavlskiy;;Rostislavlskiy;;;;;;;;;x
c_orsha_adj;Rshaskiy;Rshaskiy;Rshaskiy;;Rshaskiy;;;;;;;;;x
c_toropets_adj;Toropecskiy;Toropecskiy;Toropecskiy;;Toropecskiy;;;;;;;;;x
c_vyazma_adj;Vjazmaskiy;Vjazmaskiy;Vjazmaskiy;;Vjazmaskiy;;;;;;;;;x
c_turov_adj;Turovskiy;Turovskiy;Turovskiy;;Turovskiy;;;;;;;;;x
c_pinsk_adj;Pinskskiy;Pinskskiy;Pinskskiy;;Pinskskiy;;;;;;;;;x
c_dubrovitsa_adj;Dubrovicaskiy;Dubrovicaskiy;Dubrovicaskiy;;Dubrovicaskiy;;;;;;;;;x
c_jacwiez_adj;Navhrudkaskiy;Navhrudkaskiy;Navhrudkaskiy;;Navhrudkaskiy;;;;;;;;;x
c_novgorod_seversky_adj;Novgorod Severskiy;Novgorod Severskiy;Novgorod Severskiy;;Novgorod Severskiy;;;;;;;;;x
c_kursk_adj;Kurskskiy;Kurskskiy;Kurskskiy;;Kurskskiy;;;;;;;;;x
c_rilsk_adj;Ril'skiy;Ril'skiy;Ril'skiy;;Ril'skiy;;;;;;;;;x
c_chernigov_adj;Chernigovskiy;Chernigovskiy;Chernigovskiy;;Chernigovskiy;;;;;;;;;x
c_lyubech_adj;Lyubechskiy;Lyubechskiy;Lyubechskiy;;Lyubechskiy;;;;;;;;;x
c_bryansk_adj;Vshchizhskiy;Vshchizhskiy;Vshchizhskiy;;Vshchizhskiy;;;;;;;;;x
c_gomel_adj;Gimijskiy;Gimijskiy;Gimijskiy;;Gimijskiy;;;;;;;;;x
c_galich_adj;Halychskiy;Halychskiy;Halychskiy;;Halychskiy;;;;;;;;;x
c_peremyshl_adj;Peremyshlskiy;Peremyshlskiy;Peremyshlskiy;;Peremyshlskiy;;;;;;;;;x
c_cern_adj;Cernskiy;Cernskiy;Cernskiy;;Cernskiy;;;;;;;;;x
c_vladimir_volynsky_adj;Vladimir-Volynskiy;Vladimir-Volynskiy;Vladimir-Volynskiy;;Vladimir-Volynskiy;;;;;;;;;x
c_beresty_adj;Berestskiy;Berestskiy;Berestskiy;;Berestskiy;;;;;;;;;x
c_ostrog_adj;Ostrogskiy;Ostrogskiy;Ostrogskiy;;Ostrogskiy;;;;;;;;;x
c_podlasie_adj;Belskskiy;Belskskiy;Belskskiy;;Belskskiy;;;;;;;;;x
c_belz_adj;Belzskiy;Belzskiy;Belzskiy;;Belzskiy;;;;;;;;;x
c_chelm_adj;Kholm/Chelm;Kholm/Chelm;Kholm/Chelm;;Kholm/Chelm;;;;;;;;;x
c_lublin_adj;Lublinskiy;Lublinskiy;Lublinskiy;;Lublinskiy;;;;;;;;;x
c_terebovl_adj;Terebovlskiy;Terebovlskiy;Terebovlskiy;;Terebovlskiy;;;;;;;;;x
c_zvenyhorod_adj;Zvenigorodskiy;Zvenigorodskiy;Zvenigorodskiy;;Zvenigorodskiy;;;;;;;;;x
c_kamyanetspodilsky_adj;Kamenecskiy;Kamenecskiy;Kamenecskiy;;Kamenecskiy;;;;;;;;;x
c_poltava_adj;Latvaskiy;Latvaskiy;Latvaskiy;;Latvaskiy;;;;;;;;;x
c_hotmysl_adj;Hotmyslskiy;Hotmyslskiy;Hotmyslskiy;;Hotmyslskiy;;;;;;;;;x
c_belgorod_russia_adj;Belgorodskiy;Belgorodskiy;Belgorodskiy;;Belgorodskiy;;;;;;;;;x
c_leipel_adj;Logozskskiy;Logozskskiy;Logozskskiy;;Logozskskiy;;;;;;;;;x
c_slutsk_adj;Sluckskiy;Sluckskiy;Sluckskiy;;Sluckskiy;;;;;;;;;x
c_viipuri_adj;Viipuri;Viipuri;Viipuri;;Viipuri;;;;;;;;;x
##Africa;;;;;;;;;;;;;;
#Ghana;;;;;;;;;;;;;;
c_ghana_adj;Hodhí;Hodhí;Hodhí;;Hodhí;;;;;;;;;x
c_kingui_adj;Kinguí;Kinguí;Kinguí;;Kinguí;;;;;;;;;x
c_soso_adj;Sosso;Sosso;Sosso;;Sosso;;;;;;;;;x
c_mema_adj;Meman;Meman;Meman;;Meman;;;;;;;;;x
c_massina_adj;Massiní;Massiní;Massiní;;Massiní;;;;;;;;;x
c_djenne_adj;Djenne;Djenne;Djenne;;Djenne;;;;;;;;;x
c_tagant_adj;Tagantí;Tagantí;Tagantí;;Tagantí;;;;;;;;;x
c_masin_adj;Masiní;Masiní;Masiní;;Masiní;;;;;;;;;x
c_aoudaghost_adj;Awdaghustí;Awdaghustí;Awdaghustí;;Awdaghustí;;;;;;;;;x
c_oualata_adj;Walatí;Walatí;Walatí;;Walatí;;;;;;;;;x
c_awkar_adj;Awkarí;Awkarí;Awkarí;;Awkarí;;;;;;;;;x
#Mali;;;;;;;;;;;;;;
c_mali_adj;Malian;Malian;Malian;;Malian;;;;;;;;;x
c_bure_adj;Burí;Burí;Burí;;Burí;;;;;;;;;x
c_kiri_adj;Kirí;Kirí;Kirí;;Kirí;;;;;;;;;x
c_sibiridugu_adj;Sibiridugí;Sibiridugí;Sibiridugí;;Sibiridugí;;;;;;;;;x
c_bambuk_adj;Bambukí;Bambukí;Bambukí;;Bambukí;;;;;;;;;x
c_malal_adj;Malalí;Malalí;Malalí;;Malalí;;;;;;;;;x
c_sikasso_adj;Sikassí;Sikassí;Sikassí;;Sikassí;;;;;;;;;x
c_binduku_adj;Bindukí;Bindukí;Bindukí;;Bindukí;;;;;;;;;x
c_kala_adj;Kalí;Kalí;Kalí;;Kalí;;;;;;;;;x
c_djolof_adj;Djolofí;Djolofí;Djolofí;;Djolofí;;;;;;;;;x
c_kaba_adj;Kabí;Kabí;Kabí;;Kabí;;;;;;;;;x
c_galam_adj;Galamí;Galamí;Galamí;;Galamí;;;;;;;;;x
c_cayor_adj;Cayorí;Cayorí;Cayorí;;Cayorí;;;;;;;;;x
#Egypt;;;;;;;;;;;;;;
c_alexandria_adj;Iskandaríyí;Iskandaríyí;Iskandaríyí;;Iskandaríyí;;;;;;;;;x
c_al_alamayn_adj;Sullumí;Sullumí;Sullumí;;Sullumí;;;;;;;;;x
c_quattara_adj;Síwí;Síwí;Síwí;;Síwí;;;;;;;;;x
c_gabiyaha_adj;Nastaráwí;Nastaráwí;Nastaráwí;;Nastaráwí;;;;;;;;;x
c_delta_adj;Dimyátí;Dimyátí;Dimyátí;;Dimyátí;;;;;;;;;x
c_pelusia_adj;Ushmún Tannáhí;Ushmún Tannáhí;Ushmún Tannáhí;;Ushmún Tannáhí;;;;;;;;;x
c_bilbays_adj;Bilbaysí;Bilbaysí;Bilbaysí;;Bilbaysí;;;;;;;;;x
c_butanya_adj;Butanyí;Butanyí;Butanyí;;Butanyí;;;;;;;;;x
c_rashid_adj;Rashídí;Rashídí;Rashídí;;Rashídí;;;;;;;;;x
c_cairo_adj;Qáhirí;Qáhirí;Qáhirí;;Qáhirí;;;;;;;;;x
c_manupura_adj;Manúfí;Manúfí;Manúfí;;Manúfí;;;;;;;;;x
c_buhairya_adj;Hawfí;Hawfí;Hawfí;;Hawfí;;;;;;;;;x
c_gizeh_adj;Gízí;Gízí;Gízí;;Gízí;;;;;;;;;x
c_sarqihya_adj;Quzlumí;Quzlumí;Quzlumí;;Quzlumí;;;;;;;;;x
c_itfih_adj;Itfíhí;Itfíhí;Itfíhí;;Itfíhí;;;;;;;;;x
c_bahnasa_adj;Bahnasí;Bahnasí;Bahnasí;;Bahnasí;;;;;;;;;x
c_kharija_adj;Khárijí;Khárijí;Khárijí;;Khárijí;;;;;;;;;x
c_dakhila_adj;Dakhílí;Dakhílí;Dakhílí;;Dakhílí;;;;;;;;;x
c_bahriya_adj;Bahríyí;Bahríyí;Bahríyí;;Bahríyí;;;;;;;;;x
c_farfarun_adj;Farfarúní;Farfarúní;Farfarúní;;Farfarúní;;;;;;;;;x
c_fayyum_adj;Fayyúmí;Fayyúmí;Fayyúmí;;Fayyúmí;;;;;;;;;x
c_quena_adj;Qusayrí;Qusayrí;Qusayrí;;Qusayrí;;;;;;;;;x
c_manfalut_adj;Manfalútí;Manfalútí;Manfalútí;;Manfalútí;;;;;;;;;x
c_ikhmin_adj;Ikhmíní;Ikhmíní;Ikhmíní;;Ikhmíní;;;;;;;;;x
c_qus_adj;Qúsí;Qúsí;Qúsí;;Qúsí;;;;;;;;;x
c_asyut_adj;Asyútí;Asyútí;Asyútí;;Asyútí;;;;;;;;;x
c_aswan_adj;Aswání;Aswání;Aswání;;Aswání;;;;;;;;;x
c_cyrenaica_adj;Darní;Darní;Darní;;Darní;;;;;;;;;x
c_senoussi_adj;Awjílí;Awjílí;Awjílí;;Awjílí;;;;;;;;;x
c_ajadabiya_adj;Ajadabíyí;Ajadabíyí;Ajadabíyí;;Ajadabíyí;;;;;;;;;x
c_aghaila_adj;Aghailí;Aghailí;Aghailí;;Aghailí;;;;;;;;;x
c_benghazi_adj;Barqí;Barqí;Barqí;;Barqí;;;;;;;;;x
c_tobruk_adj;Tobrúkí;Tobrúkí;Tobrúkí;;Tobrúkí;;;;;;;;;x
#Songhay and Sahara;;;;;;;;;;;;;;
c_gao_adj;Gaan;Gaan;Gaan;;Gaan;;;;;;;;;x
c_timbuktu_adj;Timbuktí;Timbuktí;Timbuktí;;Timbuktí;;;;;;;;;x
c_tadmekka_adj;Tadmekkí;Tadmekkí;Tadmekkí;;Tadmekkí;;;;;;;;;x
c_zarma_adj;Kukiyí;Kukiyí;Kukiyí;;Kukiyí;;;;;;;;;x
c_mabruk_adj;Mabrukí;Mabrukí;Mabrukí;;Mabrukí;;;;;;;;;x
c_gurma_adj;Qagadougí;Qagadougí;Qagadougí;;Qagadougí;;;;;;;;;x
c_bobodyolasso_adj;Dyolassí;Dyolassí;Dyolassí;;Dyolassí;;;;;;;;;x
c_yatenga_adj;Yatengí;Yatengí;Yatengí;;Yatengí;;;;;;;;;x
c_risiom_adj;Risiomí;Risiomí;Risiomí;;Risiomí;;;;;;;;;x
c_figuig_adj;Figuigí;Figuigí;Figuigí;;Figuigí;;;;;;;;;x
c_insalah_adj;In Saláhí;In Saláhí;In Saláhí;;In Saláhí;;;;;;;;;x
c_wallen_adj;Wallení;Wallení;Wallení;;Wallení;;;;;;;;;x
c_tuat_adj;Touatí;Touatí;Touatí;;Touatí;;;;;;;;;x
c_elgolea_adj;Qulayí;Qulayí;Qulayí;;Qulayí;;;;;;;;;x
c_mzab_adj;Mzábí;Mzábí;Mzábí;;Mzábí;;;;;;;;;x
c_ghardaiya_adj;Ghardaíyí;Ghardaíyí;Ghardaíyí;;Ghardaíyí;;;;;;;;;x
c_wargla_adj;Warjílání;Warjílání;Warjílání;;Warjílání;;;;;;;;;x
c_tuggurt_adj;Tukkurtí;Tukkurtí;Tukkurtí;;Tukkurtí;;;;;;;;;x
c_ghadames_adj;Ghadamísí;Ghadamísí;Ghadamísí;;Ghadamísí;;;;;;;;;x
c_hoggar_adj;Hoggarí;Hoggarí;Hoggarí;;Hoggarí;;;;;;;;;x
c_djanet_adj;Djanítí;Djanítí;Djanítí;;Djanítí;;;;;;;;;x
c_timanissao_adj;Timanissí;Timanissí;Timanissí;;Timanissí;;;;;;;;;x
c_ilizi_adj;Ilízí;Ilízí;Ilízí;;Ilízí;;;;;;;;;x
c_ghat_adj;Ghátí;Ghátí;Ghátí;;Ghátí;;;;;;;;;x
c_nafusa_adj;Nafúsí;Nafúsí;Nafúsí;;Nafúsí;;;;;;;;;x
c_waddan_adj;Waddaní;Waddaní;Waddaní;;Waddaní;;;;;;;;;x
c_sebha_adj;Sebhí;Sebhí;Sebhí;;Sebhí;;;;;;;;;x
c_murzuk_adj;Murzukí;Murzukí;Murzukí;;Murzukí;;;;;;;;;x
c_zawila_adj;Zawílí;Zawílí;Zawílí;;Zawílí;;;;;;;;;x
c_tummo_adj;Tummí;Tummí;Tummí;;Tummí;;;;;;;;;x
c_tibesti_adj;Tibestí;Tibestí;Tibestí;;Tibestí;;;;;;;;;x
c_roufra_adj;Koufrí;Koufrí;Koufrí;;Koufrí;;;;;;;;;x
c_tazerbo_adj;Tazerbí;Tazerbí;Tazerbí;;Tazerbí;;;;;;;;;x
c_gherma_adj;Ghermí;Ghermí;Ghermí;;Ghermí;;;;;;;;;x
c_bilma_adj;Bilmí;Bilmí;Bilmí;;Bilmí;;;;;;;;;x
c_gasaga_adj;Fachí;Fachí;Fachí;;Fachí;;;;;;;;;x
c_djado_adj;Djadí;Djadí;Djadí;;Djadí;;;;;;;;;x
c_agades_adj;Agadí;Agadí;Agadí;;Agadí;;;;;;;;;x
c_tekkada_adj;Takkedí;Takkedí;Takkedí;;Takkedí;;;;;;;;;x
c_ainazawa_adj;Azáwí;Azáwí;Azáwí;;Azáwí;;;;;;;;;x
#Africa;;;;;;;;;;;;;;
c_tunis_adj;Túnisí;Túnisí;Túnisí;;Túnisí;;;;;;;;;x
c_medjerda_adj;Súsí;Súsí;Súsí;;Súsí;;;;;;;;;x
c_bizerte_adj;Banzartí;Banzartí;Banzartí;;Banzartí;;;;;;;;;x
c_kairwan_adj;Kairawání;Kairawání;Kairawání;;Kairawání;;;;;;;;;x
c_mahdia_adj;Mahdíyí;Mahdíyí;Mahdíyí;;Mahdíyí;;;;;;;;;x
c_sfax_adj;Sufáksí;Sufáksí;Sufáksí;;Sufáksí;;;;;;;;;x
c_gabes_adj;Qábisí;Qábisí;Qábisí;;Qábisí;;;;;;;;;x
c_djerba_adj;Djerbí;Djerbí;Djerbí;;Djerbí;;;;;;;;;x
c_zuwara_adj;Zuwarí;Zuwarí;Zuwarí;;Zuwarí;;;;;;;;;x
c_nafzawa_adj;Nafzáwí;Nafzáwí;Nafzáwí;;Nafzáwí;;;;;;;;;x
c_qashtiliya_adj;Qashtilíyí;Qashtilíyí;Qashtilíyí;;Qashtilíyí;;;;;;;;;x
c_tripolitana_adj;Tarábulsí;Tarábulsí;Tarábulsí;;Tarábulsí;;;;;;;;;x
c_leptis_magna_adj;Misrátí;Misrátí;Misrátí;;Misrátí;;;;;;;;;x
c_syrte_adj;Surtí;Surtí;Surtí;;Surtí;;;;;;;;;x
c_jafran_adj;Jafrání;Jafrání;Jafrání;;Jafrání;;;;;;;;;x
c_labda_adj;Labdí;Labdí;Labdí;;Labdí;;;;;;;;;x
c_zawiya_adj;Zawíyí;Zawíyí;Zawíyí;;Zawíyí;;;;;;;;;x
c_beni_yanni_adj;Jijílí;Jijílí;Jijílí;;Jijílí;;;;;;;;;x
c_constantine_adj;Kustantíní;Kustantíní;Kustantíní;;Kustantíní;;;;;;;;;x
c_bejaija_adj;Bijayí;Bijayí;Bijayí;;Bijayí;;;;;;;;;x
c_annaba_adj;Annábí;Annábí;Annábí;;Annábí;;;;;;;;;x
c_setif_adj;Setifí;Setifí;Setifí;;Setifí;;;;;;;;;x
c_ouled_nail_adj;Bou Saadí;Bou Saadí;Bou Saadí;;Bou Saadí;;;;;;;;;x
c_biskra_adj;Biskrí;Biskrí;Biskrí;;Biskrí;;;;;;;;;x
c_tell_atlas_adj;Masílí;Masílí;Masílí;;Masílí;;;;;;;;;x
c_tabassa_adj;Tabassí;Tabassí;Tabassí;;Tabassí;;;;;;;;;x
c_arigh_adj;Aríghí;Aríghí;Aríghí;;Aríghí;;;;;;;;;x
c_atlas_mnt_adj;Táhartí;Táhartí;Táhartí;;Táhartí;;;;;;;;;x
c_lemdiyya_adj;Achirí;Achirí;Achirí;;Achirí;;;;;;;;;x
c_al_djazair_adj;Djazairí;Djazairí;Djazairí;;Djazairí;;;;;;;;;x
c_snassen_adj;Tanasí;Tanasí;Tanasí;;Tanasí;;;;;;;;;x
c_tlemcen_adj;Tilimsání;Tilimsání;Tilimsání;;Tilimsání;;;;;;;;;x
c_orania_adj;Wahrání;Wahrání;Wahrání;;Wahrání;;;;;;;;;x
c_hanyan_adj;Hunayní;Hunayní;Hunayní;;Hunayní;;;;;;;;;x
c_wajda_adj;Wajdí;Wajdí;Wajdí;;Wajdí;;;;;;;;;x
c_tangiers_adj;Tandjí;Tandjí;Tandjí;;Tandjí;;;;;;;;;x
c_cebta_adj;Sebtí;Sebtí;Sebtí;;Sebtí;;;;;;;;;x
c_malila_adj;Malílí;Malílí;Malílí;;Malílí;;;;;;;;;x
c_nakur_adj;Nakurí;Nakurí;Nakurí;;Nakurí;;;;;;;;;x
c_fes_adj;Fásí;Fásí;Fásí;;Fásí;;;;;;;;;x
c_infa_adj;Infí;Infí;Infí;;Infí;;;;;;;;;x
c_sa_adj;Sa'í;Sa'í;Sa'í;;Sa'í;;;;;;;;;x
c_sala_adj;Salí;Salí;Salí;;Salí;;;;;;;;;x
c_el_rif_adj;Rífí;Rífí;Rífí;;Rífí;;;;;;;;;x
c_marrakech_adj;Marrákúshí;Marrákúshí;Marrákúshí;;Marrákúshí;;;;;;;;;x
c_tharasset_adj;Tarúdantí;Tarúdantí;Tarúdantí;;Tarúdantí;;;;;;;;;x
c_anti-atlas_adj;Tinmallalí;Tinmallalí;Tinmallalí;;Tinmallalí;;;;;;;;;x
c_massat_adj;Asfí;Asfí;Asfí;;Asfí;;;;;;;;;x
c_sous_adj;Sousí;Sousí;Sousí;;Sousí;;;;;;;;;x
c_draa_adj;Dra'í;Dra'í;Dra'í;;Dra'í;;;;;;;;;x
c_ifni_adj;Ifní;Ifní;Ifní;;Ifní;;;;;;;;;x
c_tindouf_adj;Tundoufí;Tundoufí;Tundoufí;;Tundoufí;;;;;;;;;x
c_ouadane_adj;Wadání;Wadání;Wadání;;Wadání;;;;;;;;;x
c_idjil_adj;Idjílí;Idjílí;Idjílí;;Idjílí;;;;;;;;;x
c_birumgrein_adj;Birumgreiní;Birumgreiní;Birumgreiní;;Birumgreiní;;;;;;;;;x
c_akjoujt_adj;Akjoujtí;Akjoujtí;Akjoujtí;;Akjoujtí;;;;;;;;;x
c_araouane_adj;Arawání;Arawání;Arawání;;Arawání;;;;;;;;;x
c_tassarahla_adj;Tassarahlí;Tassarahlí;Tassarahlí;;Tassarahlí;;;;;;;;;x
c_taoudeni_adj;Taoudení;Taoudení;Taoudení;;Taoudení;;;;;;;;;x
c_taghaza_adj;Taghází;Taghází;Taghází;;Taghází;;;;;;;;;x
c_sijilmasa_adj;Sijilmasí;Sijilmasí;Sijilmasí;;Sijilmasí;;;;;;;;;x
#Prussia;;;;;;;;;;;;;;
c_sambia_adj;Sambian;Sambian;Sambian;;Sambian;;;;;;;;;x
c_nadruvia_adj;Nadruvian;Nadruvian;Nadruvian;;Nadruvian;;;;;;;;;x
c_pogesania_adj;Pogesanian;Pogesanian;Pogesanian;;Pogesanian;;;;;;;;;x
c_marienburg_adj;Warmian;Warmian;Warmian;;Warmian;;;;;;;;;x
c_galindia_adj;Galindian;Galindian;Galindian;;Galindian;;;;;;;;;x
c_bartia_adj;Bartian;Bartian;Bartian;;Bartian;;;;;;;;;x
c_pomesania_adj;Pomesanian;Pomesanian;Pomesanian;;Pomesanian;;;;;;;;;x
#Pomeralia;;;;;;;;;;;;;;
c_danzig_adj;Gdansk;Gdansk;Gdansk;;Gdansk;;;;;;;;;x
c_swiecie_adj;Swiecie;Swiecie;Swiecie;;Swiecie;;;;;;;;;x
#Pomernia;;;;;;;;;;;;;;
c_belgard_adj;Belgard;Belgard;Belgard;;Belgard;;;;;;;;;x
#Samogtia;;;;;;;;;;;;;;
c_memel_adj;Karšuva;Karšuva;Karšuva;;Karšuva;;;;;;;;;x
#Lubutz;;;;;;;;;;;;;;
c_santok_adj;Santok;Santok;Santok;;Santok;;;;;;;;;x
c_lubuz_adj;Lubuska;Lubuska;Lubuska;;Lubuska;;;;;;;;;x
c_neumark_adj;Cedynia;Cedynia;Cedynia;;Cedynia;;;;;;;;;x
#Denmark;;;;;;;;;;;;;;
c_sydsjaelland_adj;Syndræ Sÿalandr;Syndræ Sÿalandr;Syndræ Sÿalandr;;Syndræ Sÿalandr;;;;;;;;;x
c_nordskane_adj;Norræ Skaanskr;Norræ Skaanskr;Norræ Skaanskr;;Norræ Skaanskr;;;;;;;;;x
#Polotsk;;;;;;;;;;;;;;
c_zaslawye_adj;Izjaslavl'skiy;Izjaslavl'skiy;Izjaslavl'skiy;;Izjaslavl'skiy;;;;;;;;;x
#terra;;;;;;;;;;;;;;
c_toreida_adj;Toreida;Toreida;Toreida;;Toreida;;;;;;;;;x
c_bandava_adj;Bandava;Bandava;Bandava;;Bandava;;;;;;;;;x
c_duvzare_adj;Duvzare;Duvzare;Duvzare;;Duvzare;;;;;;;;;x
c_vaiga_adj;Vaiga;Vaiga;Vaiga;;Vaiga;;;;;;;;;x
